user_avater href,user_avater src,user_name,user_floor,time,item_content,address_vote,reply_num href,flower_num href,num,report href,smile src
https://www.mmbang.com/user/18738706,https://img03.mmbang.info/app/2020/03/10/656b9a81-b58e-423d-a3fd-122d3967e83e.jpg,å¹³å®‰ä¸€ç”Ÿ211,1æ¥¼,2020-06-09 21:25,æ­å–œæ¥¼ä¸»å¦‚æ„¿äº†ï¼Œæˆ‘ä¹Ÿæ¥ä¸ªå¥åº·ç”·å®å®ï¼Œå¸Œæœ›èƒ½å¦‚æ„¿,æ½®å—åŒº,https://www.mmbang.com/bang/697/37701861#new_post,https://www.mmbang.com/bang/697/37701861#,24,https://www.mmbang.com/bang/697/37701861#post_report,
https://www.mmbang.com/user/17011133,https://img03.mmbang.info/app/2018/03/04/33a100b3-cd8a-4ee4-ad7f-3b2a6a7d4b47.jpg,7TYV6,2æ¥¼,2020-06-10 21:37,æ­å–œå®å¦ˆï¼Œæ¥å¥åº·ç”·å®ï¼Œå„¿å¥³åŒå…¨,,https://www.mmbang.com/bang/697/37701861#new_post,https://www.mmbang.com/bang/697/37701861#,7,https://www.mmbang.com/bang/697/37701861#post_report,
https://www.mmbang.com/user/24992175,https://www.mmbang.info/imgs/user_48.gif,æ„¿å¦‚æ„5fFNf,3æ¥¼,2020-06-11 11:47,ç¥å®å¦ˆå¦‚æ„¿ï¼,,https://www.mmbang.com/bang/697/37701861#new_post,https://www.mmbang.com/bang/697/37701861#,1,https://www.mmbang.com/bang/697/37701861#post_report,
https://www.mmbang.com/user/24992175,https://www.mmbang.info/imgs/user_48.gif,æ„¿å¦‚æ„5fFNf,4æ¥¼,2020-06-11 11:47,ç¥å®å¦ˆå¦‚æ„¿ï¼,,https://www.mmbang.com/bang/697/37701861#new_post,https://www.mmbang.com/bang/697/37701861#,1,https://www.mmbang.com/bang/697/37701861#post_report,
https://www.mmbang.com/user/24394500,https://img03.mmbang.info/app/2020/05/11/89274669-b44c-43b6-96d4-9d98424aee61.jpg,å¸®å°å‹1eM7g,5æ¥¼,2020-06-12 07:49,æ¥ç”·å®å®,æ½®é˜³åŒº,https://www.mmbang.com/bang/697/37701861#new_post,https://www.mmbang.com/bang/697/37701861#,2,https://www.mmbang.com/bang/697/37701861#post_report,
https://www.mmbang.com/user/24992175,https://www.mmbang.info/imgs/user_48.gif,æ„¿å¦‚æ„5fFNf,6æ¥¼,2020-06-12 08:16,ç¥å®å¦ˆå¦‚æ„¿ï¼,,https://www.mmbang.com/bang/697/37701861#new_post,https://www.mmbang.com/bang/697/37701861#,1,https://www.mmbang.com/bang/697/37701861#post_report,
https://www.mmbang.com/user/8208312,https://www.mmbang.info/imgs/user_48.gif,ä¿¡å‡¤1987,7æ¥¼,2020-06-12 18:24,æ­å–œï¼Œæˆ‘ä¹Ÿæ¥æ¥å¥åº·ç”·å®,,https://www.mmbang.com/bang/697/37701861#new_post,https://www.mmbang.com/bang/697/37701861#,2,https://www.mmbang.com/bang/697/37701861#post_report,
https://www.mmbang.com/user/14130539,https://img03.mmbang.info/app/2020/06/22/a23f9981-fff6-4b33-a437-6814b98fdc15.jpg,æ„¿æ„å¤–èƒ½ç§°å¿ƒå¦‚æ„,8æ¥¼,2020-06-13 08:54,æ¥å¥åº·ç”·å®,ç¤¾æ——å¿,https://www.mmbang.com/bang/697/37701861#new_post,https://www.mmbang.com/bang/697/37701861#,1,https://www.mmbang.com/bang/697/37701861#post_report,
https://www.mmbang.com/user/25273544,https://www.mmbang.info/imgs/user_48.gif,èŒèŒå“’Nbk7f,9æ¥¼,2020-06-13 09:09,æ¥å¥åº·ç”·å®,é€šå·åŒº,https://www.mmbang.com/bang/697/37701861#new_post,https://www.mmbang.com/bang/697/37701861#,1,https://www.mmbang.com/bang/697/37701861#post_report,
https://www.mmbang.com/user/24160135,https://www.mmbang.info/imgs/user_48.gif,æ—ºé¼ å®,10æ¥¼,2020-06-15 06:28,æ­å–œå®å¦ˆï¼Œè¯šæ¥å¥åº·ç”·å®,é¢å·åŒº,https://www.mmbang.com/bang/697/37701861#new_post,https://www.mmbang.com/bang/697/37701861#,1,https://www.mmbang.com/bang/697/37701861#post_report,
https://www.mmbang.com/user/25034353,https://img03.mmbang.info/app/2020/04/21/70669146-9402-4ce2-954a-0b57f710c75e.jpg,é¼å°šç²¾å“,11æ¥¼,2020-06-15 09:46,æ¥ç”·å®,æµ‰æ²³åŒº,https://www.mmbang.com/bang/697/37701861#new_post,https://www.mmbang.com/bang/697/37701861#,,https://www.mmbang.com/bang/697/37701861#post_report,
https://www.mmbang.com/user/1619102,https://img01.mmbang.info/2iyaya_group6_M04_CA_0B_CggaDVZ9STmAQabdAAAFwZR--W8254.jpg,æœ€çˆ±å°ä¸ä¸,12æ¥¼,2020-06-15 11:50,æ­å–œå®å¦ˆå¦‚æ„¿ä»¥å¿,å˜‰å–„å¿,https://www.mmbang.com/bang/697/37701861#new_post,https://www.mmbang.com/bang/697/37701861#,32,https://www.mmbang.com/bang/697/37701861#post_report,https://static-mmb.mmbang.info/png/2020/04/08/ddf57485c3c756c306f0ce7d26454e28.png
https://www.mmbang.com/user/22753638,https://www.mmbang.info/imgs/user_48.gif,XLnewz4,13æ¥¼,2020-06-15 16:45,æ¥ï¼ŒçœŸä¸çŸ¥é“æˆ‘èƒ½ä¸èƒ½æ¥å¾—åˆ°,,https://www.mmbang.com/bang/697/37701861#new_post,https://www.mmbang.com/bang/697/37701861#,,https://www.mmbang.com/bang/697/37701861#post_report,
https://www.mmbang.com/user/25265728,https://img03.mmbang.info/app/2020/06/02/812f4c13-baf9-4a71-bbcd-036c2e1fde26.jpg,Mæ‰¿é“‰éº»éº»,14æ¥¼,2020-06-15 22:53,æ­å–œå®å¦ˆå¦‚æ„¿ä»¥å¿å•¦ æ²¾æ²¾æ¥¼ä¸»çš„å–œæ°”å¸Œæœ›è‡ªå·±ä¹Ÿèƒ½ç”Ÿä¸ªå¥åº·ç”·å®å®,å”å¿,https://www.mmbang.com/bang/697/37701861#new_post,https://www.mmbang.com/bang/697/37701861#,2,https://www.mmbang.com/bang/697/37701861#post_report,https://static-mmb.mmbang.info/png/2020/04/08/014a6452fa16babea87a0364d98e2024.png
https://www.mmbang.com/user/12758409,https://www.mmbang.info/imgs/user_48.gif,æˆ‘çˆ±ï¼Œæœæœ,15æ¥¼,2020-06-16 06:12,æ¥å®å¦ˆå¥½è¿æ°”ï¼Œæ¥å„¿å¥³åŒå…¨æ¥å¥åº·ç”·å®å®æ­å–œæ­å–œ,ä»»åŸåŒº,https://www.mmbang.com/bang/697/37701861#new_post,https://www.mmbang.com/bang/697/37701861#,22,https://www.mmbang.com/bang/697/37701861#post_report,
https://www.mmbang.com/user/24992175,https://www.mmbang.info/imgs/user_48.gif,æ„¿å¦‚æ„5fFNf,17æ¥¼,2020-06-16 07:12,ç¥å®å¦ˆå¦‚æ„¿ï¼,,https://www.mmbang.com/bang/697/37701861#new_post,https://www.mmbang.com/bang/697/37701861#,,https://www.mmbang.com/bang/697/37701861#post_report,
https://www.mmbang.com/user/24669327,https://img03.mmbang.info/app/2020/03/18/a43cbf5f-bf09-4468-9a30-d2f4c9700a9d.jpg,æ¬£ç„¶VhoPI,18æ¥¼,2020-06-16 09:03,æ­å–œå®å¦ˆå¦‚æ„¿äº†ï¼Œå¸Œæœ›æˆ‘ä¹Ÿèƒ½å¤Ÿå¦‚å®å¦ˆä¸€æ ·ï¼Œèƒ½å¤Ÿå„¿å¥³åŒå…¨ã€‚,æµ¦åŒ—å¿,https://www.mmbang.com/bang/697/37701861#new_post,https://www.mmbang.com/bang/697/37701861#,8,https://www.mmbang.com/bang/697/37701861#post_report,
https://www.mmbang.com/user/25302969,https://www.mmbang.info/imgs/user_48.gif,ğŸ’•ğŸ’•è‰ºè¡ğŸ’—ğŸ’“å©‰å©·ğŸ’—,19æ¥¼,2020-06-16 16:33,åŒæ„Ÿ ä¹Ÿæ˜¯æ‹¼3èƒ åˆšæŸ¥äº†ä¹Ÿæ˜¯ä¸ªç”·å® çœŸå¿ƒä¸å®¹æ˜“å•Š,è ¡å¿,https://www.mmbang.com/bang/697/37701861#new_post,https://www.mmbang.com/bang/697/37701861#,4,https://www.mmbang.com/bang/697/37701861#post_report,
https://www.mmbang.com/user/24992175,https://www.mmbang.info/imgs/user_48.gif,æ„¿å¦‚æ„5fFNf,20æ¥¼,2020-06-16 19:59,å—¯å—¯ã€‚ç¥æ„¿æˆ‘ä»¬çš„å®å®éƒ½å¥å¥åº·åº·çš„å‡ºç”Ÿã€‚,,https://www.mmbang.com/bang/697/37701861#new_post,https://www.mmbang.com/bang/697/37701861#,,https://www.mmbang.com/bang/697/37701861#post_report,
https://www.mmbang.com/user/24932856,https://www.mmbang.info/imgs/user_48.gif,ğŸ’ä¸«å¤´*^_^*,21æ¥¼,2020-06-16 23:55,[!hot] è¯šæ¥å¥åº·ç”·å®åœ¨è…¹ä¸­ï¼Œå„¿å¥³åŒå…¨,,https://www.mmbang.com/bang/697/37701861_2#new_post,https://www.mmbang.com/bang/697/37701861_2#,3,https://www.mmbang.com/bang/697/37701861_2#post_report,
https://www.mmbang.com/user/25187811,https://www.mmbang.info/imgs/user_48.gif,å¸®å°å‹1hgV1,22æ¥¼,2020-06-17 09:48,æ¥å¥åº·ç”·å®åœ¨è…¹ä¸­ï¼Œæ¥ä¸‰èƒå„¿å¥³åŒå…¨,é¾™å²—åŒº,https://www.mmbang.com/bang/697/37701861_2#new_post,https://www.mmbang.com/bang/697/37701861_2#,,https://www.mmbang.com/bang/697/37701861_2#post_report,
https://www.mmbang.com/user/15431273,https://img01.mmbang.info/5iyaya_group6_M00_4B_14_CggaDVjbueOAGCweAAAElUNqjZ817.JPEG,ç±³è“çš„å¤©ç©ºaBi3w,23æ¥¼,2020-06-17 15:22,è·Ÿä½ æœˆä»½ä¸€æ ·ï¼Œå¸Œæœ›ä¹Ÿæ˜¯ç”·å®,æ˜†å±±å¸‚,https://www.mmbang.com/bang/697/37701861_2#new_post,https://www.mmbang.com/bang/697/37701861_2#,,https://www.mmbang.com/bang/697/37701861_2#post_report,
https://www.mmbang.com/user/24806094,https://img03.mmbang.info/app/2020/03/04/4a1eedf8-617e-44e1-8ff0-b9978cbb47d8.jpg,æ˜å°è¶…,24æ¥¼,2020-06-17 23:26,æ­å–œå®å¦ˆï¼Œæ¥ä½ å¥½å­•ï¼Œæ¥å¥åº·ç”·å®å·²åœ¨æˆ‘è…¹ä¸­ï¼Œæ±‚ä¸»ä¿ä½‘æˆ‘è‚šå­é‡Œçš„æ˜¯å¥åº·ç”·å®å®ï¼Œæ„Ÿè°¢ç¥ï¼,æ·®é˜´åŒº,https://www.mmbang.com/bang/697/37701861_2#new_post,https://www.mmbang.com/bang/697/37701861_2#,,https://www.mmbang.com/bang/697/37701861_2#post_report,
https://www.mmbang.com/user/24402481,https://img03.mmbang.info/app/2020/03/16/874dcb17-efeb-4179-8df5-1e1bc5bfb710.jpg,ğŸŒ¼ ğŸŒ¼0umnU,25æ¥¼,2020-06-18 01:11,è¯šæ¥å¥åº·ç”·å®å®å·²åœ¨æˆ‘è…¹ï¼Œ,é’¦å—åŒº,https://www.mmbang.com/bang/697/37701861_2#new_post,https://www.mmbang.com/bang/697/37701861_2#,,https://www.mmbang.com/bang/697/37701861_2#post_report,
https://www.mmbang.com/user/15418151,https://img01.mmbang.info/9iyaya_group6_M00_47_DE_CggaDVjaVoiAWY9kAAAFICfE_I462.JPEG,å¡‘æ–™è¢‹ç›´é”€ï¼ˆå°é’ï¼‰,26æ¥¼,2020-06-18 07:42,æ­å–œå®å¦ˆï¼Œæ¥è…¹ä¸­å¥åº·ç”·å®,è¿åŸå¿,https://www.mmbang.com/bang/697/37701861_2#new_post,https://www.mmbang.com/bang/697/37701861_2#,1,https://www.mmbang.com/bang/697/37701861_2#post_report,https://static-mmb.mmbang.info/png/2020/04/08/c74d380e61632a966da081db17d2ed83.png
https://www.mmbang.com/user/22161925,https://img03.mmbang.info/app/2019/04/19/777cd630-a21c-48d8-a59f-d02a370ae0eb.jpg,å°å¿—å¿«æ¥,27æ¥¼,2020-06-18 16:08,æ­å–œå®å¦ˆï¼Œæ¥å¥åº·ç”·å®ï¼Œå„¿å¥³åŒå…¨,å´†å³’åŒº,https://www.mmbang.com/bang/697/37701861_2#new_post,https://www.mmbang.com/bang/697/37701861_2#,1,https://www.mmbang.com/bang/697/37701861_2#post_report,https://static-mmb.mmbang.info/png/2020/04/08/c74d380e61632a966da081db17d2ed83.png
https://www.mmbang.com/user/25249664,https://www.mmbang.info/imgs/user_48.gif,è‘£åä¸€,28æ¥¼,2020-06-18 18:02,æ¥å¥åº·ç”·å®,å¹³æ¡‚åŒº,https://www.mmbang.com/bang/697/37701861_2#new_post,https://www.mmbang.com/bang/697/37701861_2#,,https://www.mmbang.com/bang/697/37701861_2#post_report,
https://www.mmbang.com/user/18923152,https://www.mmbang.info/imgs/user_48.gif,å¸®å°å‹1HOm8,29æ¥¼,2020-06-18 22:24,æ­å–œï¼Œæˆ‘ä¹Ÿæ˜¯ä¸‰èƒï¼Œå¸Œæœ›æˆ‘ä»¬éƒ½å¦‚æ„¿å‡‘å¥½å­—,æµ¦åŒ—å¿,https://www.mmbang.com/bang/697/37701861_2#new_post,https://www.mmbang.com/bang/697/37701861_2#,,https://www.mmbang.com/bang/697/37701861_2#post_report,
https://www.mmbang.com/user/24891096,https://img03.mmbang.info/app/2020/04/26/b6cbe6bf-3adf-46c3-92d7-b6c929411278.jpg,å¸®å°å‹1gRJI,30æ¥¼,2020-06-18 22:39,æ­å–œå®å¦ˆï¼è¯šæ¥å¥åº·ç”·å®ï¼å„¿å¥³åŒå…¨ï¼ğŸ™ğŸ™ğŸ™ğŸ™,,https://www.mmbang.com/bang/697/37701861_2#new_post,https://www.mmbang.com/bang/697/37701861_2#,8,https://www.mmbang.com/bang/697/37701861_2#post_report,
https://www.mmbang.com/user/24829708,https://www.mmbang.info/imgs/user_48.gif,å“†å“†3BD6R,31æ¥¼,2020-06-18 22:50,æ­å–œå®å¦ˆæ¥å¥åº·é¡ºäº§ç”·å®åˆ°æˆ‘è…¹ä¸­é¡ºäº§,é¾™ååŒº,https://www.mmbang.com/bang/697/37701861_2#new_post,https://www.mmbang.com/bang/697/37701861_2#,,https://www.mmbang.com/bang/697/37701861_2#post_report,
https://www.mmbang.com/user/25272492,https://www.mmbang.info/imgs/user_48.gif,å¸®å°å‹1i2Wq,32æ¥¼,2020-06-18 22:56,æ¥ç”·å®å®,,https://www.mmbang.com/bang/697/37701861_2#new_post,https://www.mmbang.com/bang/697/37701861_2#,,https://www.mmbang.com/bang/697/37701861_2#post_report,
https://www.mmbang.com/user/25077737,https://www.mmbang.info/imgs/user_48.gif,â…¤ICKY,33æ¥¼,2020-06-18 23:48,æˆ‘å·²ç»æœ‰2ä¸ªå°å…¬ä¸»äº†ï¼Œæ‹¼ä¸‰èƒç»ˆäºå¦‚æ„¿äº†ï¼Œå»æ£€æŸ¥æ˜¯ä¸ªå°ç‹å­ã€‚çœŸçš„å¾ˆé«˜å…´ï¼Œå¸Œæœ›æ‰€æœ‰çš„å­•å¦ˆéƒ½èƒ½å¦‚æ„¿,,https://www.mmbang.com/bang/697/37701861_2#new_post,https://www.mmbang.com/bang/697/37701861_2#,11,https://www.mmbang.com/bang/697/37701861_2#post_report,https://www.mmbang.info/smiles/bba.gif
https://www.mmbang.com/user/25278925,https://img03.mmbang.info/app/2020/06/06/68cd5d2b-daba-48f3-9a02-58c47dff046d.jpg,- ğŸ’éº»è¾£å°é¾™è™¾ğŸ’,34æ¥¼,2020-06-19 06:42,æˆ‘ä¹Ÿæ˜¯æ‹¼ä¸‰ï¼Œä¹Ÿä¸çŸ¥é“å¦‚æ„¿æ²¡å¦‚æ„¿ï¼Œè¯šæ¥å¥åº·ç”·å®åœ¨æˆ‘è…¹ä¸­ï¼Œæ¥ã€æ¥ã€æ¥ï¼Œæ±‚æ±‚è©è¨ä¿ä½‘è®©æˆ‘å„¿å¥³åŒå…¨ï¼Œè®©æˆ‘å¦‚æ„¿ğŸ™ğŸ™ğŸ™,é‡‘æ²™å¿,https://www.mmbang.com/bang/697/37701861_2#new_post,https://www.mmbang.com/bang/697/37701861_2#,,https://www.mmbang.com/bang/697/37701861_2#post_report,https://www.mmbang.info/smiles/sada.gif
https://www.mmbang.com/user/24992175,https://www.mmbang.info/imgs/user_48.gif,æ„¿å¦‚æ„5fFNf,35æ¥¼,2020-06-19 06:48,æ€ä¹ˆæ²¡æœ‰å»æŸ¥ä¸‹çœ‹çœ‹ã€‚æˆ‘å¿ä¸ä½è¦å»æŸ¥ã€‚æ˜¯ç”·æ˜¯å¥³è¿™èƒéƒ½è¦ï¼Œè¿™ä¸‹å¦‚æ„¿äº†å°±æ›´å¥½ï¼,,https://www.mmbang.com/bang/697/37701861_2#new_post,https://www.mmbang.com/bang/697/37701861_2#,15,https://www.mmbang.com/bang/697/37701861_2#post_report,
https://www.mmbang.com/user/25278925,https://img03.mmbang.info/app/2020/06/06/68cd5d2b-daba-48f3-9a02-58c47dff046d.jpg,- ğŸ’éº»è¾£å°é¾™è™¾ğŸ’,36æ¥¼,2020-06-19 06:57,æ²¡æœ‰å»æŸ¥ï¼Œå¤ªè´µäº†ï¼Œç§äººåŒ»é™¢ä¹Ÿä¸è¯´,é‡‘æ²™å¿,https://www.mmbang.com/bang/697/37701861_2#new_post,https://www.mmbang.com/bang/697/37701861_2#,,https://www.mmbang.com/bang/697/37701861_2#post_report,https://www.mmbang.info/smiles/sada.gif
https://www.mmbang.com/user/24992175,https://www.mmbang.info/imgs/user_48.gif,æ„¿å¦‚æ„5fFNf,37æ¥¼,2020-06-19 09:55,æœ›è€å¤©çœ·é¡¾ï¼ç¥ä½ å¦‚æ„¿ï¼,,https://www.mmbang.com/bang/697/37701861_2#new_post,https://www.mmbang.com/bang/697/37701861_2#,,https://www.mmbang.com/bang/697/37701861_2#post_report,
https://www.mmbang.com/user/25278925,https://img03.mmbang.info/app/2020/06/06/68cd5d2b-daba-48f3-9a02-58c47dff046d.jpg,- ğŸ’éº»è¾£å°é¾™è™¾ğŸ’,38æ¥¼,2020-06-19 11:27,å—¯å—¯ï¼Œå€Ÿä½ å‰è¨€,é‡‘æ²™å¿,https://www.mmbang.com/bang/697/37701861_2#new_post,https://www.mmbang.com/bang/697/37701861_2#,,https://www.mmbang.com/bang/697/37701861_2#post_report,https://static-mmb.mmbang.info/png/2020/04/08/ddf57485c3c756c306f0ce7d26454e28.png
https://www.mmbang.com/user/25334306,https://www.mmbang.info/imgs/user_48.gif,â„¡è’¤é¸¦ä¸¬mGNoD,39æ¥¼,2020-06-19 23:30,æ¥ç”·å®,,https://www.mmbang.com/bang/697/37701861_2#new_post,https://www.mmbang.com/bang/697/37701861_2#,,https://www.mmbang.com/bang/697/37701861_2#post_report,
https://www.mmbang.com/user/25068709,https://img03.mmbang.info/app/2020/04/21/c6f64557-6040-4a45-9368-61d6d26903a1.jpg,ç¦å¤šå¤šnT7pT,40æ¥¼,2020-06-20 07:59,æ­å–œæ­å–œï¼Œæˆ‘ä¹Ÿæ˜¯æ‹¼ä¸‰ã€‚ä½ å·²ç»å¦‚æ„¿å•¦ï¼Œæˆ‘è¿˜æ²¡å»æ£€æŸ¥,ç”˜è°·å¿,https://www.mmbang.com/bang/697/37701861_2#new_post,https://www.mmbang.com/bang/697/37701861_2#,23,https://www.mmbang.com/bang/697/37701861_2#post_report,
https://www.mmbang.com/user/24992175,https://www.mmbang.info/imgs/user_48.gif,æ„¿å¦‚æ„5fFNf,41æ¥¼,2020-06-20 08:51,ç¥å®å¦ˆå¦‚æ„¿ï¼æ¥å„¿å¥³åŒå…¨ï¼,,https://www.mmbang.com/bang/697/37701861_3#new_post,https://www.mmbang.com/bang/697/37701861_3#,,https://www.mmbang.com/bang/697/37701861_3#post_report,
https://www.mmbang.com/user/24853306,https://img03.mmbang.info/app/2020/08/09/8a0a3e99-8f5f-4a08-b839-aa027c1786da.jpg,ä¸€å½ªå­,42æ¥¼,2020-06-20 11:55,æ¥å¥åº·ç”·å®åœ¨è…¹ã€‚,,https://www.mmbang.com/bang/697/37701861_3#new_post,https://www.mmbang.com/bang/697/37701861_3#,,https://www.mmbang.com/bang/697/37701861_3#post_report,
https://www.mmbang.com/user/24853306,https://img03.mmbang.info/app/2020/08/09/8a0a3e99-8f5f-4a08-b839-aa027c1786da.jpg,ä¸€å½ªå­,43æ¥¼,2020-06-20 11:55,æ¥å¥åº·ç”·å®åœ¨è…¹ã€‚,,https://www.mmbang.com/bang/697/37701861_3#new_post,https://www.mmbang.com/bang/697/37701861_3#,,https://www.mmbang.com/bang/697/37701861_3#post_report,
https://www.mmbang.com/user/25002946,https://www.mmbang.info/imgs/user_48.gif,ç„¶ï¼Œå¦‚æ„¿,44æ¥¼,2020-06-21 07:38,æ­å–œå®å¦ˆ,,https://www.mmbang.com/bang/697/37701861_3#new_post,https://www.mmbang.com/bang/697/37701861_3#,,https://www.mmbang.com/bang/697/37701861_3#post_report,
https://www.mmbang.com/user/25077737,https://www.mmbang.info/imgs/user_48.gif,â…¤ICKY,45æ¥¼,2020-06-21 15:55,æˆ‘è·Ÿä½ ä¸€æ ·ï¼Œç»ˆäºå¦‚æ„¿äº†ï¼,,https://www.mmbang.com/bang/697/37701861_3#new_post,https://www.mmbang.com/bang/697/37701861_3#,,https://www.mmbang.com/bang/697/37701861_3#post_report,
https://www.mmbang.com/user/25200119,https://www.mmbang.info/imgs/user_48.gif,å¸®å°å‹1hjhX,46æ¥¼,2020-06-22 08:24,æ­å–œå®å¦ˆ æ¥è…¹ä¸­å¥åº·ç”·å®,å·¨é¹¿å¿,https://www.mmbang.com/bang/697/37701861_3#new_post,https://www.mmbang.com/bang/697/37701861_3#,,https://www.mmbang.com/bang/697/37701861_3#post_report,
https://www.mmbang.com/user/25056199,https://www.mmbang.info/imgs/user_48.gif,å¹³å‡¡8mQ4j,47æ¥¼,2020-06-22 13:42,æˆ‘ä¹Ÿæ¥ä½ çš„ç”·å®ï¼,å‡¤é˜³å¿,https://www.mmbang.com/bang/697/37701861_3#new_post,https://www.mmbang.com/bang/697/37701861_3#,,https://www.mmbang.com/bang/697/37701861_3#post_report,
https://www.mmbang.com/user/25005904,https://www.mmbang.info/imgs/user_48.gif,å¸®å°å‹1gvB2,48æ¥¼,2020-06-22 18:23,æ­å–œæ¥¼ä¸»å¦‚æ„¿äº†ï¼Œæˆ‘ä¹Ÿæ¥ä¸ªå¥åº·ç”·å®å®ï¼Œå¸Œæœ›èƒ½å¦‚æ„¿,é©¿åŸåŒº,https://www.mmbang.com/bang/697/37701861_3#new_post,https://www.mmbang.com/bang/697/37701861_3#,27,https://www.mmbang.com/bang/697/37701861_3#post_report,
https://www.mmbang.com/user/15825935,https://www.mmbang.info/imgs/user_48.gif,è´å„¿å®å®å®å®å®å®,49æ¥¼,2020-06-23 20:13,æ¥å¥åº·ç”·å®åœ¨æˆ‘è…¹ä¸­,æ±Ÿå—åŒº,https://www.mmbang.com/bang/697/37701861_3#new_post,https://www.mmbang.com/bang/697/37701861_3#,,https://www.mmbang.com/bang/697/37701861_3#post_report,
https://www.mmbang.com/user/24767924,https://img03.mmbang.info/app/2020/04/02/131bbbdc-f42e-427a-bf67-d9b854684722.jpg,é—­çœ¼ç¡è§‰çš„é±¼MHlX8,50æ¥¼,2020-06-24 17:30,æ­å–œå®å¦ˆï¼Œå¥³äººçœŸéš¾å•Šï¼Œæˆ‘ä¹Ÿæ‹¼ä¸‰èƒï¼Œæƒ³è¦ç”·å­©ï¼Œå€Ÿä½ å¥½è¿ã€‚,é˜³æ˜¥å¸‚,https://www.mmbang.com/bang/697/37701861_3#new_post,https://www.mmbang.com/bang/697/37701861_3#,39,https://www.mmbang.com/bang/697/37701861_3#post_report,https://static-mmb.mmbang.info/png/2020/04/08/ddf57485c3c756c306f0ce7d26454e28.png
https://www.mmbang.com/user/25174369,https://img03.mmbang.info/app/2020/08/20/92453ac9-06c4-4d5a-be94-5c766fdb8db3.jpg,ç‡•å­ZgWaR,51æ¥¼,2020-06-25 10:11,æˆ‘ä¹Ÿæ˜¯ä¸‰èƒäº†   ç°åœ¨å°±æ‹…å¿ƒæ˜¯ç”·æ˜¯å¥³å•Š  åº¦æ—¥å¦‚å¹´,éš†å®‰å¿,https://www.mmbang.com/bang/697/37701861_3#new_post,https://www.mmbang.com/bang/697/37701861_3#,8,https://www.mmbang.com/bang/697/37701861_3#post_report,
https://www.mmbang.com/user/20408226,https://www.mmbang.info/imgs/user_48.gif,å¸®å°å‹1Nd6w,52æ¥¼,2020-06-25 14:47,æˆ‘ä¹Ÿæ‹¼ä¸‰çš„ï¼Œæ¥å¥åº·ç”·å®å·²åœ¨æˆ‘è…¹ä¸­ã€‚è·ªæ±‚å¤§æ…ˆå¤§æ‚²è§‚ä¸–éŸ³è©è¨ä¿ä½‘ğŸ™ğŸ™ğŸ™ğŸ™ğŸ™ğŸ™,ç½—åº„åŒº,https://www.mmbang.com/bang/697/37701861_3#new_post,https://www.mmbang.com/bang/697/37701861_3#,11,https://www.mmbang.com/bang/697/37701861_3#post_report,
https://www.mmbang.com/user/24723406,https://www.mmbang.info/imgs/user_48.gif,å¸®å°å‹1fjgc,53æ¥¼,2020-06-25 18:24,æˆ‘ä¹Ÿæ˜¯ä¸‰èƒäº†ï¼Œè¿˜ä¸çŸ¥é“ç”·å¥³å‘¢ï¼Œå”‰ï¼Œå¿ƒé‡Œä¸€ç›´æ‚¬ç€,å·æ±‡åŒº,https://www.mmbang.com/bang/697/37701861_3#new_post,https://www.mmbang.com/bang/697/37701861_3#,19,https://www.mmbang.com/bang/697/37701861_3#post_report,
https://www.mmbang.com/user/24992175,https://www.mmbang.info/imgs/user_48.gif,æ„¿å¦‚æ„5fFNf,54æ¥¼,2020-06-25 18:44,ç¥å®å¦ˆå¦‚æ„¿ï¼,,https://www.mmbang.com/bang/697/37701861_3#new_post,https://www.mmbang.com/bang/697/37701861_3#,,https://www.mmbang.com/bang/697/37701861_3#post_report,
https://www.mmbang.com/user/24808227,https://www.mmbang.info/imgs/user_48.gif,å¸®å°å‹1g5kh,55æ¥¼,2020-06-25 23:29,æ¥ä¸‰èƒç”·å®å¥åº·è…¹ä¸­,,https://www.mmbang.com/bang/697/37701861_3#new_post,https://www.mmbang.com/bang/697/37701861_3#,,https://www.mmbang.com/bang/697/37701861_3#post_report,
https://www.mmbang.com/user/25325601,https://www.mmbang.info/imgs/user_48.gif,ä¸‡äº‹å¦‚æ„668,56æ¥¼,2020-06-27 08:26,æ¥ç”·å®ã€‚,,https://www.mmbang.com/bang/697/37701861_3#new_post,https://www.mmbang.com/bang/697/37701861_3#,,https://www.mmbang.com/bang/697/37701861_3#post_report,
https://www.mmbang.com/user/25256508,https://www.mmbang.info/imgs/user_48.gif,å¸®å°å‹1hyN2,57æ¥¼,2020-06-27 10:32,æ¥å¥åº·ç”·å®,è¾‰å¿å¸‚,https://www.mmbang.com/bang/697/37701861_3#new_post,https://www.mmbang.com/bang/697/37701861_3#,,https://www.mmbang.com/bang/697/37701861_3#post_report,
https://www.mmbang.com/user/25315574,https://img03.mmbang.info/app/2020/06/12/12c7f508-f97d-4a78-91ce-6b8f68772788.jpg,Aæ˜¥å¤©çš„å‘³é“,58æ¥¼,2020-06-29 10:27,æŠŠä½ çš„å¥½è¿å¸¦ç»™æˆ‘å¸Œæœ›ä¸‰èƒæ˜¯ç”·å­©ï¼è·ªæ±‚å„¿å¥³åŒå…¨,,https://www.mmbang.com/bang/697/37701861_3#new_post,https://www.mmbang.com/bang/697/37701861_3#,33,https://www.mmbang.com/bang/697/37701861_3#post_report,
https://www.mmbang.com/user/24165307,https://img03.mmbang.info/app/2020/06/27/12742403-85a7-4036-8cec-0d478f65a3ab.jpg,å¸®å°å‹1dOV1,59æ¥¼,2020-06-30 18:22,æ­å–œå®å¦ˆï¼æ¥å¥åº·ç”·å®å®å·²åœ¨è…¹ä¸­ï¼,æ–°æ³°å¸‚,https://www.mmbang.com/bang/697/37701861_3#new_post,https://www.mmbang.com/bang/697/37701861_3#,,https://www.mmbang.com/bang/697/37701861_3#post_report,
https://www.mmbang.com/user/24165307,https://img03.mmbang.info/app/2020/06/27/12742403-85a7-4036-8cec-0d478f65a3ab.jpg,å¸®å°å‹1dOV1,60æ¥¼,2020-06-30 18:22,,æ–°æ³°å¸‚,https://www.mmbang.com/bang/697/37701861_3#new_post,https://www.mmbang.com/bang/697/37701861_3#,5,https://www.mmbang.com/bang/697/37701861_3#post_report,https://static-mmb.mmbang.info/png/2020/04/08/c74d380e61632a966da081db17d2ed83.png
https://www.mmbang.com/user/24986182,https://www.mmbang.info/imgs/user_48.gif,å¸®å°å‹1gq2w,61æ¥¼,2020-07-01 16:07,è¯šæ¥å¥åº·ç”·å®,,https://www.mmbang.com/bang/697/37701861_4#new_post,https://www.mmbang.com/bang/697/37701861_4#,,https://www.mmbang.com/bang/697/37701861_4#post_report,
https://www.mmbang.com/user/23486130,https://www.mmbang.info/imgs/user_48.gif,è¯—å’Œè¿œæ–¹Zv0vw,62æ¥¼,2020-07-01 20:18,æ¥å®å¦ˆå¥½è¿ï¼ç¨³æ¥ç”·å®,å´æ±ŸåŒº,https://www.mmbang.com/bang/697/37701861_4#new_post,https://www.mmbang.com/bang/697/37701861_4#,,https://www.mmbang.com/bang/697/37701861_4#post_report,
https://www.mmbang.com/user/25255810,https://www.mmbang.info/imgs/user_48.gif,èœé¸Ÿæ¯›æ¯›,63æ¥¼,2020-07-02 07:17,æ­å–œæ­å–œï¼Œæ¥å¥åº·ç”·å®,é‡‘æ°´åŒº,https://www.mmbang.com/bang/697/37701861_4#new_post,https://www.mmbang.com/bang/697/37701861_4#,,https://www.mmbang.com/bang/697/37701861_4#post_report,
https://www.mmbang.com/user/25308824,https://www.mmbang.info/imgs/user_48.gif,å¸®å°å‹1iByq,64æ¥¼,2020-07-02 21:26,æ¥å¥åº·ç”·å®å®ï¼Œå¥½æƒ³è¦ä¸€ä¸ªå„¿å­å‡‘æˆå¥½å­—,,https://www.mmbang.com/bang/697/37701861_4#new_post,https://www.mmbang.com/bang/697/37701861_4#,6,https://www.mmbang.com/bang/697/37701861_4#post_report,https://static-mmb.mmbang.info/png/2020/04/08/c74d380e61632a966da081db17d2ed83.png
https://www.mmbang.com/user/16928216,https://img03.mmbang.info/app/2017/10/28/63577191-ff26-4af8-9803-ef36f54c10f4.jpg,Ailsag,65æ¥¼,2020-07-04 12:52,æ¥å¥åº·ç”·å®,,https://www.mmbang.com/bang/697/37701861_4#new_post,https://www.mmbang.com/bang/697/37701861_4#,,https://www.mmbang.com/bang/697/37701861_4#post_report,
https://www.mmbang.com/user/25369856,https://www.mmbang.info/imgs/user_48.gif,å¸®å°å‹1iRrE,66æ¥¼,2020-07-04 20:57,æ­å–œå®å¦ˆï¼Œå–œå¾—è´µå­ï¼Œè¯šæ¥å¥åº·ç”·å®å®ï¼Œå·²åœ¨æˆ‘è…¹ä¸­ï¼Œè€å¤©ä¿ä½‘æˆ‘èƒ½å¦‚æ„¿ä»¥å¿,æ˜†å±±å¸‚,https://www.mmbang.com/bang/697/37701861_4#new_post,https://www.mmbang.com/bang/697/37701861_4#,4,https://www.mmbang.com/bang/697/37701861_4#post_report,
https://www.mmbang.com/user/25220732,https://img03.mmbang.info/app/2020/06/05/4f74889a-53e4-4ac5-8790-067c8acfe7a6.jpg,çˆ±&å°ç±³ç²¥,67æ¥¼,2020-07-05 07:03,æ­å–œæ¥¼ä¸»ï¼Œå¸Œæœ›æˆ‘ä¹Ÿèƒ½å¦‚æ„¿ï¼,å—æµ·åŒº,https://www.mmbang.com/bang/697/37701861_4#new_post,https://www.mmbang.com/bang/697/37701861_4#,,https://www.mmbang.com/bang/697/37701861_4#post_report,
https://www.mmbang.com/user/17654496,https://img03.mmbang.info/app/2017/09/12/9f5feefe-2fc6-4222-b7b5-e9fc3fd63d91.JPEG,æ±‚å¥åº·ç”·å®å®è©è¨ä¿ä½‘,68æ¥¼,2020-07-06 22:06,æ¥å¥åº·ç”·å®å®,,https://www.mmbang.com/bang/697/37701861_4#new_post,https://www.mmbang.com/bang/697/37701861_4#,,https://www.mmbang.com/bang/697/37701861_4#post_report,
https://www.mmbang.com/user/24860942,https://img03.mmbang.info/app/2020/03/25/6f1ca73c-3604-4335-93b7-5dac5d9c271b.jpg,æ¬£å†‰ï½,69æ¥¼,2020-07-07 22:29,æ¥è…¹ä¸­å¥åº·ç”·å®,,https://www.mmbang.com/bang/697/37701861_4#new_post,https://www.mmbang.com/bang/697/37701861_4#,,https://www.mmbang.com/bang/697/37701861_4#post_report,
https://www.mmbang.com/user/25279678,https://www.mmbang.info/imgs/user_48.gif,å¸®å°å‹1i4Ok,70æ¥¼,2020-07-07 23:01,æ­å–œå®å¦ˆå•¦ï¼Œè¯šæ¥å¥åº·ç”·å®åœ¨è…¹ä¸­ï¼Œç”Ÿä¸ªå¸…æ°”å°ä¼™å­ä¿æŠ¤å§å§,,https://www.mmbang.com/bang/697/37701861_4#new_post,https://www.mmbang.com/bang/697/37701861_4#,1,https://www.mmbang.com/bang/697/37701861_4#post_report,
https://www.mmbang.com/user/25428263,https://www.mmbang.info/imgs/user_48.gif,å¸®å°å‹1ih3H,71æ¥¼,2020-07-08 19:08,æˆ‘æƒ³çŸ¥é“å“ªé‡Œèƒ½æŸ¥ç”·å­©è¿˜æ˜¯å¥³å­©å­,æ¾æ±ŸåŒº,https://www.mmbang.com/bang/697/37701861_4#new_post,https://www.mmbang.com/bang/697/37701861_4#,,https://www.mmbang.com/bang/697/37701861_4#post_report,
https://www.mmbang.com/user/8511346,https://img03.mmbang.info/app/2020/07/16/468696b6-288a-4d4e-b521-db513d06bf32.jpg,å°ç³æ´,72æ¥¼,2020-07-09 15:14,æ­å–œå®å¦ˆæ‹¼ä¸‰å¦‚æ„¿ï¼æ¥å®«å†…å¥½å­•ï¼,èµ¤ååŒº,https://www.mmbang.com/bang/697/37701861_4#new_post,https://www.mmbang.com/bang/697/37701861_4#,6,https://www.mmbang.com/bang/697/37701861_4#post_report,https://static-mmb.mmbang.info/png/2020/04/08/c74d380e61632a966da081db17d2ed83.png
https://www.mmbang.com/user/15825935,https://www.mmbang.info/imgs/user_48.gif,è´å„¿å®å®å®å®å®å®,73æ¥¼,2020-07-10 21:51,åŸæ¥ç”·å®åœ¨æˆ‘è…¹ä¸­ï¼Œæ„¿å„¿å¥³åŒå…¨,æ±Ÿå—åŒº,https://www.mmbang.com/bang/697/37701861_4#new_post,https://www.mmbang.com/bang/697/37701861_4#,,https://www.mmbang.com/bang/697/37701861_4#post_report,
https://www.mmbang.com/user/13164689,https://img01.mmbang.info/2iyaya_group6_M02_42_BB_CggaDVjX02OAUZJ3AAAFYXwo1JM782.jpg,å°å§‘å‡‰ã€,74æ¥¼,2020-07-12 19:05,æ¥å„¿å¥³åŒå…¨,å…­åˆåŒº,https://www.mmbang.com/bang/697/37701861_4#new_post,https://www.mmbang.com/bang/697/37701861_4#,,https://www.mmbang.com/bang/697/37701861_4#post_report,
https://www.mmbang.com/user/25158023,https://www.mmbang.info/imgs/user_48.gif,å¸®å°å‹1hYkZ,75æ¥¼,2020-07-13 08:09,æ­å–œå®å¦ˆï¼Œè¯šæ¥äºŒèƒå¥åº·ç”·å®åˆ°æˆ‘è…¹ä¸­ï¼,,https://www.mmbang.com/bang/697/37701861_4#new_post,https://www.mmbang.com/bang/697/37701861_4#,2,https://www.mmbang.com/bang/697/37701861_4#post_report,https://static-mmb.mmbang.info/png/2020/04/08/c74d380e61632a966da081db17d2ed83.png
https://www.mmbang.com/user/14130539,https://img03.mmbang.info/app/2020/06/22/a23f9981-fff6-4b33-a437-6814b98fdc15.jpg,æ„¿æ„å¤–èƒ½ç§°å¿ƒå¦‚æ„,76æ¥¼,2020-07-15 11:27,æˆ‘å’‹æ²¡æœ‰ä½ ä»¬è¿™ä¹ˆæ¿€åŠ¨å»ï¼Ÿæˆ‘14å‘¨â•5æŸ¥ç”·å®ï¼Œæˆ‘ä¹Ÿæ˜¯ä¸‰èƒï¼Œæ„å¤–å®å®åˆ°æ¥ï¼Œä¸¤ä¸ªå¥³å„¿ï¼ŒæŸ¥å‡ºç”·å®æ—¶å¹¶æ²¡æœ‰æƒ³è±¡ä¸­é‚£ä¹ˆå¼€å¿ƒï¼Œç»™æˆ‘è€å…¬è¯´ä»–ä¹Ÿæ²¡æœ‰å¤šæ¿€åŠ¨çš„æ ·å­ï¼Œå¾ˆæ·¡å®š,ç¤¾æ——å¿,https://www.mmbang.com/bang/697/37701861_4#new_post,https://www.mmbang.com/bang/697/37701861_4#,,https://www.mmbang.com/bang/697/37701861_4#post_report,https://www.mmbang.info/smiles/tza.gif
https://www.mmbang.com/user/10594461,https://www.mmbang.info/imgs/user_48.gif,éœ²éœ²æŸ æª¬,77æ¥¼,2020-07-16 03:46,æ¥ç”·å®,,https://www.mmbang.com/bang/697/37701861_4#new_post,https://www.mmbang.com/bang/697/37701861_4#,,https://www.mmbang.com/bang/697/37701861_4#post_report,
https://www.mmbang.com/user/25177476,https://img03.mmbang.info/app/2020/07/05/69abc40a-272d-46bb-9868-f1e92506c973.jpg,å¸®å°å‹1hdoK,78æ¥¼,2020-07-16 22:23,æ­å–œå®å¦ˆå¦‚æ„¿äº†ï¼Œæˆ‘è¯šæ¥ä¸‰èƒå¥åº·ç”·å®å®å·²åˆ°è…¹ä¸­ï¼Œè·ªæ±‚å„¿å¥³åŒå…¨,æ¾„è¿ˆå¿,https://www.mmbang.com/bang/697/37701861_4#new_post,https://www.mmbang.com/bang/697/37701861_4#,6,https://www.mmbang.com/bang/697/37701861_4#post_report,
https://www.mmbang.com/user/24989399,https://img03.mmbang.info/app/2020/04/20/50254d11-c338-41fa-904b-552dc4f5d2c6.jpg,å¸®å°å‹1gqsp,79æ¥¼,2020-07-17 07:52,ä¸‰èƒéƒ½ä¼šè¿«ä¸åŠå¾…çš„çœ‹çœ‹ç”·å¥³ï¼Œæˆ‘æ˜¯13å‘¨çš„ä¹Ÿæ˜¯å¥³å­©ä½†æ˜¯æˆ‘è¿˜æ˜¯æ¥å—äº†å¥¹ï¼Œåªè¦ä»–æ²¡äº‹å¥å¥åº·åº·çš„æ¥åˆ°æˆ‘èº«è¾¹æˆ‘å°±çŸ¥è¶³äº†,æ»¡åŸåŒº,https://www.mmbang.com/bang/697/37701861_4#new_post,https://www.mmbang.com/bang/697/37701861_4#,1,https://www.mmbang.com/bang/697/37701861_4#post_report,https://static-mmb.mmbang.info/png/2020/04/08/ddf57485c3c756c306f0ce7d26454e28.png
https://www.mmbang.com/user/25091409,https://img03.mmbang.info/app/2020/06/30/49a0f6c8-b7fd-4c32-bc67-c1e2ea853c2e.jpg,ä¸¶çˆ±é”å…¨å¿ƒocLuFpj,80æ¥¼,2020-07-17 07:55,æˆ‘95å¤©æŸ¥çš„ç”·å®ï¼Œå¿ƒé‡Œè¿˜æ˜¯å®³æ€•ä¸å‡†ï¼Œæœˆåº•å››ä¸ªæœˆçš„æ—¶å€™å†å»æŸ¥ä¸€ä¸‹çœ‹çœ‹ï¼Œå¸Œæœ›æˆ‘ä»¬éƒ½èƒ½å‡†ï¼Œéƒ½èƒ½å¦‚æ„¿,äº­æ¹–åŒº,https://www.mmbang.com/bang/697/37701861_4#new_post,https://www.mmbang.com/bang/697/37701861_4#,9,https://www.mmbang.com/bang/697/37701861_4#post_report,
https://www.mmbang.com/user/20819572,https://img03.mmbang.info/app/2018/09/04/32ad4d37-f35e-42ba-a37e-045496575e56.jpg,ã€‚ã€‚ä¸€å¤©å¤©,81æ¥¼,2020-07-18 09:15,æ­å–œæ­å–œç¥ä½ ç”Ÿä¸ªå¤§èƒ–å°å­ï¼Œæ¥ç”·å®,åŸé˜³å¿,https://www.mmbang.com/bang/697/37701861_5#new_post,https://www.mmbang.com/bang/697/37701861_5#,,https://www.mmbang.com/bang/697/37701861_5#post_report,
https://www.mmbang.com/user/12223506,https://img03.mmbang.info/app/2020/07/21/0323aada-6b03-4134-b17a-284075ddbe71.jpg,æ™¨æ™¨æ™¨æ™¨â¤ï¸,82æ¥¼,2020-07-19 17:12,æ¥å¥åº·ç”·å®å®ï¼Œå„¿å¥³åŒå…¨,,https://www.mmbang.com/bang/697/37701861_5#new_post,https://www.mmbang.com/bang/697/37701861_5#,,https://www.mmbang.com/bang/697/37701861_5#post_report,
https://www.mmbang.com/user/17274842,https://img03.mmbang.info/app/2017/08/13/e890aed4-a066-452f-a788-e922f42ce9c2.PNG,ç®€å•mV0N6,83æ¥¼,2020-07-19 18:58,æ¥å¥åº·ç”·å®ï¼ï¼,,https://www.mmbang.com/bang/697/37701861_5#new_post,https://www.mmbang.com/bang/697/37701861_5#,,https://www.mmbang.com/bang/697/37701861_5#post_report,
https://www.mmbang.com/user/25485247,https://img03.mmbang.info/app/2020/07/21/64746ff1-5bb6-4aaf-98a6-c724d38564d4.jpg,å¸®å°å‹1ivsN,84æ¥¼,2020-07-21 03:21,æ­å–œæ­å–œï¼Œæ¥å¥åº·ç”·å®,,https://www.mmbang.com/bang/697/37701861_5#new_post,https://www.mmbang.com/bang/697/37701861_5#,,https://www.mmbang.com/bang/697/37701861_5#post_report,
https://www.mmbang.com/user/25278925,https://img03.mmbang.info/app/2020/06/06/68cd5d2b-daba-48f3-9a02-58c47dff046d.jpg,- ğŸ’éº»è¾£å°é¾™è™¾ğŸ’,86æ¥¼,2020-07-21 14:18,æˆ‘ä¹Ÿæ˜¯ï¼Œåœ¨å“ªé‡Œçœ‹è§ç”Ÿç”·å®å°±æ¥ï¼Œå¸Œæœ›æˆ‘ä¹Ÿå’Œå®å¦ˆä¸€æ ·å¦‚æ„¿ï¼Œæˆ‘ä¹Ÿä¸‰èƒï¼Œæ„å¤–ä¸‰èƒå“ˆï¼Œè¯šæ¥ä¸‰èƒå¥åº·ç”·å®åœ¨æˆ‘è…¹ä¸­,é‡‘æ²™å¿,https://www.mmbang.com/bang/697/37701861_5#new_post,https://www.mmbang.com/bang/697/37701861_5#,,https://www.mmbang.com/bang/697/37701861_5#post_report,https://static-mmb.mmbang.info/png/2020/04/08/c74d380e61632a966da081db17d2ed83.png
https://www.mmbang.com/user/24992175,https://www.mmbang.info/imgs/user_48.gif,æ„¿å¦‚æ„5fFNf,87æ¥¼,2020-07-21 15:15,ç¥å®å¦ˆå¦‚æ„¿ï¼æ¥ä¸­å¥åº·ç”·å®ï¼,,https://www.mmbang.com/bang/697/37701861_5#new_post,https://www.mmbang.com/bang/697/37701861_5#,,https://www.mmbang.com/bang/697/37701861_5#post_report,
https://www.mmbang.com/user/25278925,https://img03.mmbang.info/app/2020/06/06/68cd5d2b-daba-48f3-9a02-58c47dff046d.jpg,- ğŸ’éº»è¾£å°é¾™è™¾ğŸ’,88æ¥¼,2020-07-21 15:45,å—¯å—¯ï¼Œç»“å®å¦ˆå‰è¨€ï¼Œå¸Œæœ›ä½ ä»¬éƒ½èƒ½å¦‚æ„¿,é‡‘æ²™å¿,https://www.mmbang.com/bang/697/37701861_5#new_post,https://www.mmbang.com/bang/697/37701861_5#,1,https://www.mmbang.com/bang/697/37701861_5#post_report,https://static-mmb.mmbang.info/png/2020/04/08/c74d380e61632a966da081db17d2ed83.png
https://www.mmbang.com/user/25278925,https://img03.mmbang.info/app/2020/06/06/68cd5d2b-daba-48f3-9a02-58c47dff046d.jpg,- ğŸ’éº»è¾£å°é¾™è™¾ğŸ’,89æ¥¼,2020-07-21 21:23,å¥½çš„ï¼Œå€Ÿå®å¦ˆå‰è¨€è®©æˆ‘å¦‚æ„¿,é‡‘æ²™å¿,https://www.mmbang.com/bang/697/37701861_5#new_post,https://www.mmbang.com/bang/697/37701861_5#,,https://www.mmbang.com/bang/697/37701861_5#post_report,https://static-mmb.mmbang.info/png/2020/04/08/c74d380e61632a966da081db17d2ed83.png
https://www.mmbang.com/user/25195157,https://img03.mmbang.info/app/2020/07/14/a6f163d8-2bfb-4a04-b950-8350dbb3b201.jpg,å¸®å°å‹1hiPV,90æ¥¼,2020-07-22 05:51,æ­å–œæ¥¼ä¸»å¦‚æ„¿ è¯šæ¥äºŒèƒå¥åº·ç”·å®å·²åœ¨æˆ‘è…¹ä¸­,,https://www.mmbang.com/bang/697/37701861_5#new_post,https://www.mmbang.com/bang/697/37701861_5#,,https://www.mmbang.com/bang/697/37701861_5#post_report,https://static-mmb.mmbang.info/png/2020/04/08/c74d380e61632a966da081db17d2ed83.png
https://www.mmbang.com/user/25302375,https://img03.mmbang.info/app/2020/06/10/70f6e383-f644-4d67-a462-a210ebc41bfb.jpg,M..dandan,91æ¥¼,2020-07-22 23:46,æ­å–œï¼Œè¯šæ¥è…¹ä¸­å¥åº·ç”·å®,,https://www.mmbang.com/bang/697/37701861_5#new_post,https://www.mmbang.com/bang/697/37701861_5#,,https://www.mmbang.com/bang/697/37701861_5#post_report,