c-title,c-title href,c-title 2,c-abstract,c-abstract 2,c-showurl,c-image href,c-image src,c-abstract 3
- 2018年10月出生帮 - 妈妈帮,https://www.mmbang.com/bang/665/29617078,接男宝,"在帮里接了很多男宝,终于可以如愿儿女双全,提前十天抛妇产男宝一枚,六斤一两,说说孕期反应吧,所有的症状都不准,清宫表不准,从一个半月开始吐一直吐到生...",接男宝,www.mmbang.com/bang/665/29617... 2020-11-7,,,
- 2017年3月出生帮 - 妈妈帮,https://www.mmbang.com/bang/631/22772056,接男宝,"由一开始知道怀孕,在帮里接到现在,30周B超结果还是女宝,我现在都不敢了,还能接吗?能翻盘吗...",接男宝,www.mmbang.com/bang/631/22772... 2020-11-4,https://www.mmbang.com/bang/631/22772056,"http://t9.baidu.com/it/u=3524047243,381011876&fm=218&app=92&f=JPEG?w=121&h=75&s=01145491CACA4AD6C809F8A30300A0C0",接男宝
了 - 2016年5月出生帮 - 妈妈帮,https://www.mmbang.com/bang/606/15549645,接男宝,"了 今天终于去查了,医生说确定是男宝,可是放心了二胎啊,宝妈都来了...",接男宝,www.mmbang.com/bang/606/15549... 2020-9-18,,,接男宝
",真的可以接到吗? - 2016年8月妈妈帮 - 妈妈帮",https://m.mmbang.com/bang/615/16979303,接男宝,"大宝是可爱活泼的女宝,一直想二胎生个男宝,凑好字。今天B超,医生说脐带遮住了,但9成是女宝,说真的自己都有点失望,很希望能翻盘,如果真能应,我在妈妈帮...",接男宝,m.mmbang.com/bang/615/16979... 2016-4-14,,,
- 斯利安生男生女 - 妈妈帮,https://www.mmbang.com/bang/620/22051287,接男宝,"今天十二天了,逢接必中,男宝七斤四两,刨妇产太疼了,不过也值了...",接男宝,www.mmbang.com/bang/620/22051... 2020-9-17,,,
了 - 2018年4月出生帮 - 妈妈帮,https://www.mmbang.com/bang/657/26178637,接男宝,"恭喜你  回复 鲜花1 举报  mis(^^) 17楼2018-01-03 22:43  恭喜,接健康男宝  回复 鲜花1 举报  莹莹😊😊 19楼2018-01-10 20:58  宝...",接男宝,www.mmbang.com/bang/657/26178... 2020-6-7,,,接男宝
- 小夫妻 - 妈妈帮,https://www.mmbang.com/bang/451/8219907,接男宝,"恭喜宝妈,我来了  回复 鲜花  举报 保存到:  vivian梅子 13楼2014-09-24 15:33  接健康男宝宝  回复 鲜花  举报 保存到:  颀宝贝儿乖乖 14楼2014...",接男宝,www.mmbang.com/bang/451/8219... 2020-10-10,,,
真不明白什么接女宝的咋想的 - 2018年4月出生帮 - 妈妈帮,https://www.mmbang.com/bang/657/25112604,接男宝,"真不明白什么接女宝的咋想的 下载这个软件以后,发现什么接健康男宝或女宝来我腹中,接NT顺利通过,又是什么我想要女宝,男宝传你接住了,我真是无语了,这是...",接男宝,www.mmbang.com/bang/657/25112... 2020-11-4,,,
啦 - 2018年4月出生帮 - 妈妈帮,https://www.mmbang.com/bang/657/27149505,接男宝,"啦 38+4天,无侧切、无撕裂顺产小王子一枚。祝所有宝妈都能要男得男要女得女,心想事成...",接男宝,www.mmbang.com/bang/657/27149... 2020-6-23,,,
",终于如愿了 - 2016年12月出生帮 - 妈妈帮",https://www.mmbang.com/bang/626/21934231,接男宝,",终于如愿了 这辈子最大的幸福莫过于有儿有女,此生足矣!没有遗憾了,来接吧,百发百中...",接男宝,www.mmbang.com/bang/626/21934... 2020-10-26,,,
- 2016年6月出生帮 - 妈妈帮,https://www.mmbang.com/bang/610/16127227,接男宝,回复 鲜花  举报  保存到:  好希望二胎是个男宝。 6楼2016-01-22 19:05 宝  回复 鲜花1  举报  保存到:  飘逸王子  7楼2016-01-22 ...,接男宝,www.mmbang.com/bang/610/16127... 2020-11-5,,,接男宝
- 2017年6月出生帮 - 妈妈帮,https://www.mmbang.com/bang/640/24213277,接男宝,"预产期6月30号,6月23号下午顺产一枚男宝,7斤4两。准备退出妈妈帮...",接男宝,www.mmbang.com/bang/640/24213... 2020-10-10,,,
- 2016年3月出生帮 - 妈妈帮,https://www.mmbang.com/bang/601/16464763,接男宝,"3月8号的预产期,1号6.05顺产男宝一枚,6.4斤,侧切逢5针。过程很痛苦...",接男宝,www.mmbang.com/bang/601/16464... 2020-11-8,,,
- 2017年8月出生帮 - 妈妈帮,https://www.mmbang.com/bang/644/23843404,接男宝,接健康  回复 鲜花  举报 保存到:  玲rwbjd 2楼2017-05-08 23:21  接健康到腹中  回复 鲜花  举报 保存到:  我a的大宝小宝 3楼2017-05-08 ...,男宝,www.mmbang.com/bang/644/23843... 2020-11-1,,,男宝
~ - 2017年11月出生帮 - 妈妈帮,https://www.mmbang.com/bang/648/24020371,接男宝,"~ 如愿了,三个月,12+5查的9成男孩,14+2今天去查跟我说还是男孩,菩萨保佑了,第三胎的了,就是胎盘有点低,医生叫多休息,希望所有希望有男宝都能如...",接男宝,www.mmbang.com/bang/648/24020... 2020-11-5,,,
的来接 - 2017年9月出生帮 - 妈妈帮,https://www.mmbang.com/bang/646/24969505,接男宝,"的来接 一直好奇是男宝还是女宝,九月十号的预产期,九月七号破水,我自己是准备顺的,但是宝宝有点大,医生建议剖,在坚持了七八个小时后还是剖了,那过程简直...",接男宝,www.mmbang.com/bang/646/24969... 2020-10-30,,,
! - 2016年3月出生帮 - 妈妈帮,https://www.mmbang.com/bang/601/16497548,接男宝,"求男宝妈妈 8楼2016-03-05 17:34  恭喜宝妈,二胎  回复 鲜花 举报  淡陌心 9楼2016-03-05 17:59  恭喜宝妈,接顺产健康男宝宝  回复 鲜花 举报 ...",接男宝,www.mmbang.com/bang/601/16497... 2020-11-8,,,
!! - 2017年5月出生帮 - 妈妈帮,https://www.mmbang.com/bang/639/23256844,接男宝,"!! 昨天下午去医院bc,大夫看了好几遍笑着说很好,全了,我一胎是女儿,这个说看的很清楚,男孩,孕6.5月,希望不要翻盘吧,男宝宝接起来吧。希望我的小王....",接男宝,www.mmbang.com/bang/639/23256... 2020-10-27,,,
- 2018年3月出生帮 - 妈妈帮,https://www.mmbang.com/bang/655/26642060,接男宝,回复 鲜花 举报  云朵ClfQZ 10楼2018-02-19 10:52  恭喜🎉接健康男宝宝  回复 鲜花 举报  信仰q89eX 11楼2018-02-20 20:28  接健康男宝宝到...,接男宝,www.mmbang.com/bang/655/26642... 2020-7-3,,,
- 2016年6月出生帮 - 妈妈帮,https://www.mmbang.com/bang/610/16158942,接男宝,"都说六月是男孩窝,去查了一下,男宝一枚,儿女双全了...",接男宝,www.mmbang.com/bang/610/16158... 2020-11-9,,,
了 - 2016年5月妈妈帮 - 妈妈帮,http://www.mmbang.com/bang/606/15549645,接男宝,"了 今天终于去查了,医生说确定是男宝,可是放心了二胎啊,宝妈都来了...",接男宝,http://www.mmbang.com/bang/606/15549645 2020-11-9,,,接男宝
了 - 2015年4月出生帮 - 妈妈帮,http://www.mmbang.com/bang/585/12101897,接男宝,"了 4月6号的预产期,3月27日提前剖腹产,男宝一枚,3350克...",接男宝,http://www.mmbang.com/bang/585/12101897 2020-11-13,http://www.mmbang.com/bang/585/12101897,"http://t9.baidu.com/it/u=1533958778,945301745&fm=85&app=92&f=PNG?w=121&h=75&s=83305684821213DC2A01D88E0300E015",
"啦,附上症状 - 2020年2月预产期帮 - 妈妈帮",http://www.mmbang.com/bang/685/34727853,接男宝,"成功报喜! 我怀男宝的症状 1:怀孕初期孕囊数据算准 2:十男九漏我没有出血,但是早期孕酮低 3:唐氏准了 清宫表不准 肚脐凸的 4:肚子竖椭圆形,女儿的...",接男宝,http://www.mmbang.com/bang/685/34727853 2020-11-11,,,
"刚刚找熟人做了B超,说看着像男孩,想要男宝宝的就过来吧",http://www.mmbang.com/bang/601/14939100,接男宝,"医生说看着像男孩,现在孕17周,是不是医生这样说就是男孩了,因为我觉得他们说话都不会说肯定的话,不会说肯定是男孩这样,所以就说看着像了,各位宝妈吧 跟...",接男宝,http://www.mmbang.com/bang/601/14939100 2020-11-9,,,
"三次b超都男孩,应该不会翻盘了吧!吧! - 2018年6月出生帮 - 妈...",https://www.mmbang.com/bang/659/26382068,接男宝,"三次b超都男孩,应该不会翻盘了吧!吧! 三个多月做两次都说男孩,妈妈帮整天翻盘翻盘的吓得都不敢确定了!今天又去查了一遍!确定男宝!啥都不看了,就信...",接男宝,www.mmbang.com/bang/659/26382... 2020-10-29,,,
"来,今天做B超看见儿子蛋蛋了 - 2018年4月出生帮 - 妈妈帮",https://www.mmbang.com/bang/657/27041912,接男宝,"来,今天做B超看见儿子蛋蛋了 怀孕初期就做过一个梦,梦里我和老公去饭店吃饭,一个老头带着一个小男孩坐在我们旁边桌。然后小孩抱着我的脸就亲我,老头还...",接男宝,www.mmbang.com/bang/657/27041... 2020-11-7,,,
"来还愿啦,接到了。附症状!(第14页) - 2020年10月预产期帮 - 妈 ...",https://www.mmbang.com/bang/696/37594112_14,接男宝,"来还愿啦,接到了。附症状! 来还愿啦,接到了。附症状!20周跑去做四维,医生说太小了,22周最好,我还是坚持了,一早上特别不配合,趴着,看不到脸...",接男宝,www.mmbang.com/bang/696/37594112... 2020-11-1,,,接男宝
"生了,的来,2020.11.4号早 - 2020年11月预产期帮 - 妈妈帮",https://www.mmbang.com/bang/697/38984591,接男宝,"生了,的来,2020.11.4号早 生了,的来,2020.11.4号早上刚刚9点生,心里悬着的石头落地了,前置胎盘+刨工产,大人一切都好,宝宝在婴...",接男宝,www.mmbang.com/bang/697/38984... 2020-11-10,https://www.mmbang.com/bang/697/38984591,"http://t9.baidu.com/it/u=344464315,2392649608&fm=218&app=2&f=JPG?w=121&h=75&s=F5BC31D5E0327996DDBCC8C90300F09B",接男宝
"在腹中,希望准确。感谢恩赐[求男宝 - 优生备孕帮 - 妈妈帮",https://www.mmbang.com/bang/436/39057829,接男宝,"在腹中,希望准确。感谢恩赐  金水区 清宫表(140)  0 0  举报 只有注册用户才能发表回复。请 登录 或者立即注册 帮小友1cpvc  关注 2 话题  10 粉丝 ...",接男宝,www.mmbang.com/bang/436/39057... 2020-11-14,,,
"报喜啦,报喜了,天天在妈妈帮果真是 - 2020年10月预产期帮...",https://www.mmbang.com/bang/696/38950956,接男宝,"报喜啦,报喜了,天天在妈妈帮果真是接到了,谢谢妈妈帮 乐昌市 0 0  举报 只有注册用户才能发表回复。请 登录 或者立即注册 ...",接男宝,www.mmbang.com/bang/696/38950... 2020-10-30,https://www.mmbang.com/bang/696/38950956,"http://t7.baidu.com/it/u=3908797448,789377479&fm=218&app=2&f=PNG?w=121&h=75&s=C07BAF76411065C452558DEA0300E0F3",
"吧,第三次确认,四维顺利通过 - 优生备孕帮 - 妈妈帮",https://www.mmbang.com/bang/436/39039418,接男宝,"吧,第三次确认,四维顺利通过 吧,第三次确认,四维顺利通过...",接男宝,www.mmbang.com/bang/436/39039... 2020-11-11,https://www.mmbang.com/bang/436/39039418,"http://t8.baidu.com/it/u=2048656725,3649481778&fm=218&app=2&f=JPEG?w=121&h=75&s=5E228645440E4F4D3819E0CF0100C0B3",接男宝
"咯,凑成一个“好”字 - 2016年11月妈妈帮 - 妈妈帮",http://www.mmbang.com/bang/625/17873410,接男宝,"咯,凑成一个“好”字 大宝是女宝,二胎3个半月b超男宝,因为还太小怕不准,今天5个月b超也是男宝,终于凑成一个“好”字,儿女双全了。附上症状:怀大宝...",接男宝,http://www.mmbang.com/bang/625/17873410 2020-11-9,,,
",已知。#斯利安生男生女# #生男 - 优生备孕帮 - 妈妈帮",https://www.mmbang.com/bang/436/39024567,接男宝,",已知。#斯利安生男生女# #生男生女大揭秘#  生男生女大揭秘(849) 斯利安生男生女(50550)  0 0  举报 只有注册用户才能发表回复。请 登录 或者立即...",接男宝,www.mmbang.com/bang/436/39024... 2020-11-9,,,
"香港产检直接告诉男女,很清晰的男娃娃,一直以为女宝,啦",https://www.mmbang.com/bang/596/13346405,接男宝,"回复 鲜花  举报 保存到:  豆豆要当姐姐了 18楼2015-06-08 22:58  10楼 什么才是幸福?: 怀男宝早孕都有些什么反应呢  我五周就开始发烧,不爱...",接男宝,www.mmbang.com/bang/596/13346... 2020-11-8,,,
"生了,5.5斤男孩子,一直妈妈帮, - 2020年10月预产期帮...",https://www.mmbang.com/bang/696/38630918,接男宝,"生了,5.5斤男孩子,一直妈妈帮, 生了,5.5斤男孩子,一直妈妈帮,终于如愿了,7周验血是男孩,不过还是生出来才放心,9月怀胎,太不容易,祝大家...",接男宝,www.mmbang.com/bang/696/38630... 2020-11-7,,,接男宝
迎接 - 2017年10月出生帮 - 妈妈帮,https://www.mmbang.com/bang/647/25377299,男宝,"昨晚凌晨剖一枚6.8斤  0 3  举报 只有注册用户才能发表回复。请 登录 或者立即注册  最新回复 傻逼Lzy 1楼2017-10-20 18:07  恭喜恭喜,我也来接男...",男宝,www.mmbang.com/bang/647/25377... 2020-11-7,,,
"来妈妈帮还愿了,整个孕期都在,最后 - 2020年9月预产期帮...",https://www.mmbang.com/bang/695/38593374,接男宝,"来妈妈帮还愿了,整个孕期都在,最后 来妈妈帮还愿了,整个孕期都在,最后还是被我接到了,感谢妈妈帮的姐妹们有求必应,也希望各位姐妹要女得女要男得...",接男宝,www.mmbang.com/bang/695/38593... 2020-11-10,,,接男宝
"还愿了,每天都真的准了,姐姐的小跟 - 2020年5月预产期帮 - 妈 ...",https://www.mmbang.com/bang/688/37575480,接男宝,"还愿了,每天都真的准了,姐姐的小跟 还愿了,每天都真的准了,姐姐的小跟班,爸爸的皮夹克,妈妈的小情人,终于儿女双全了,愿宝妈们要男得男要女得...",接男宝,www.mmbang.com/bang/688/37575... 2020-11-7,,,接男宝
"我也来还愿啦,从开始怀上就在帮里, - 2020年11月预产期帮 - 妈 ...",https://www.mmbang.com/bang/697/39039030,接男宝,"我也来还愿啦,从开始怀上就在帮里, 我也来还愿啦,从开始怀上就在帮里,现在终于如愿了,儿女双全,此生足矣...",接男宝,www.mmbang.com/bang/697/39039... 2020-11-11,,,接男宝
"说说我怀女孩的症状,整个孕期,结果 - 2020年10月预产期帮 - 妈 ...",https://www.mmbang.com/bang/696/38894686,接男宝,"说说我怀女孩的症状,整个孕期,结果 说说我怀女孩的症状,整个孕期,结果还是没接到,孕期前三个月孕吐,后面跟没怀孕一样,吃饭都很正常,也感觉不到很...",接男宝,www.mmbang.com/bang/696/38894... 2020-11-12,https://www.mmbang.com/bang/696/38894686,"http://t8.baidu.com/it/u=4014196334,13163482&fm=218&app=92&f=JPG?w=121&h=75&s=B23B5E8543734D325649B27003008079",接男宝
棒吧 - 2013年7月妈妈帮 - 妈妈帮,https://m.mmbang.com/mip/bang/544/1776798/,接男宝,"棒吧小可爱B 2013年7月10日18号预产期今天顺产男宝1枚,真心痛啊,没生的接棒吧 搜索关注【妈妈帮APP】公众号,育儿知识、福利活动、官方微信群,等你来报到...",接男宝,m.mmbang.com/mip/bang/544/17767... 2020-10-24,,,
原来棒真的有用 说说怀我家豆丁症状 - 2014年8月妈妈帮...,https://m.mmbang.com/mip/bang/576/6021327/,接男宝,原来棒真的有用 说说怀我家豆丁症状 一直接健康男宝棒怀孕31周+4天今天去产检终于鼓起勇气让熟人做b超帮忙看是男孩女孩朋友看的很仔细认真宝宝的眼睛鼻子腿...,接男宝,m.mmbang.com/mip/bang/576/60213... 2020-11-12,,,
"已在腹中,nt要顺利通过呀,宝宝要 - 2020年11月预产期帮 - 妈 ...",https://www.mmbang.com/bang/697/37196014,接男宝,"已在腹中,nt要顺利通过呀,宝宝要 已在腹中🙏,nt要顺利通过呀,宝宝要健健康康的发育,妈妈爱你...",接男宝,www.mmbang.com/bang/697/37196... 2020-11-7,,,接男宝
"2020年6月11喜一枚,今天分享 - 2020年6月预产期帮 - 妈妈帮",https://www.mmbang.com/bang/689/37737899,接男宝,"2020年6月11喜一枚,今天分享 2020年6月11喜一枚,今天分享一下我惊险的产程,之前6月7日因晚上有阵痛住院,到了6月9号宝宝还是无动静...",接男宝,www.mmbang.com/bang/689/37737... 2020-11-6,,,接男宝
了!NT的时候老是背着我。还以为是女宝宝!有接必中了,http://www.mmbang.com/bang/669/28842554_1,接男宝,诚接健康男宝宝 2018年8月23日 1 回复 帮小友1NXsN 宝宝8个月  9楼   2018年8月24日 1 回复 帮小友1NpQh 宝宝9个月  10楼  接健康男宝宝已在...,接男宝,http://www.mmbang.com/bang/669/28842554_1 2020-11-12,,,
了!NT的时候老是背着我。还以为是女宝宝!有接必中了,http://www.mmbang.com/bang/669/28842554,接男宝,"接健康 2018年9月21日 回复  君君WSPJ5 备孕 131楼  接健康宝 听我的,建议你也下载一个妈妈帮App,以前很多事情我也不会处理。在这里有很多有经验的...",男宝,http://www.mmbang.com/bang/669/28842554 2020-11-13,http://www.mmbang.com/bang/669/28842554,"http://t9.baidu.com/it/u=3611892520,1409447716&fm=218&app=92&f=JPEG?w=121&h=75&s=159B1DDD7E7E069E9415B90503004063",男宝
"谁要,快来接走吧 - 2017年5月妈妈帮 - 妈妈帮",http://www.mmbang.com/bang/639/22332351,男宝,"谁要,快来接走吧 今天去做了个B超,说是,我想要小棉袄,要儿子的快来接走吧...",男宝,http://www.mmbang.com/bang/639/22332351 2020-11-10,,,男宝
"天天在妈妈帮棒,终于接到咯 - 小夫妻 - 妈妈帮",http://www.mmbang.com/bang/451/6549416,接男宝,"凌晨1点34分顺产男宝一枚,无侧切,撕裂缝了三针,第一胎女宝,第二胎没有bc,正想要个儿子,凑成个好字,只要看到妈妈帮有发帖生男宝的,都会去棒,被我接到...",接男宝,http://www.mmbang.com/bang/451/6549416 2020-11-8,,,
咯. - 2016年11月妈妈帮 - 妈妈帮,http://www.mmbang.com/bang/625/22125977,接男宝,咯. 早上8:33剖腹产下七斤男宝一枚.如愿凑成好字.把好运也传给大家...,接男宝,http://www.mmbang.com/bang/625/22125977 2020-11-10,http://www.mmbang.com/bang/625/22125977,"http://t7.baidu.com/it/u=2229448427,4176689213&fm=85&app=92&f=JPEG?w=121&h=75&s=F493CF3A075A566D5667484E030070FA",
"的来啦,10月23日22点48分产 - 2020年10月预产期帮 - 妈妈帮",https://www.mmbang.com/bang/696/38915121,接男宝,"的来啦,10月23日22点48分产 的来啦,10月23日22点48分产男宝一枚6.5斤...",接男宝,www.mmbang.com/bang/696/38915... 2020-11-6,https://www.mmbang.com/bang/696/38915121,"http://t9.baidu.com/it/u=1123065957,3867835550&fm=218&app=2&f=JPEG?w=121&h=75&s=93B05487422456AC079569F003008032",接男宝
"开奖咯,接女宝一枚,孕期到处还是没 - 2020年11月预产期帮 - 妈 ...",https://www.mmbang.com/bang/697/39049663,接男宝,"开奖咯,接女宝一枚,孕期到处还是没 开奖咯,接女宝一枚,孕期到处还是没翻盘,昨天剖宫产女宝7斤一枚,孕早期测的一深一浅,孕吐严重,瘦了10斤,腋下...",接男宝,www.mmbang.com/bang/697/39049... 2020-11-13,https://www.mmbang.com/bang/697/39049663,"http://t9.baidu.com/it/u=3438502969,1334223910&fm=218&app=2&f=JPEG?w=121&h=75&s=9524F11558D055D6803529CE0300E0E1",接男宝
"三胎还是,要的来接走吧! - 2020年6月预产期帮 - 妈妈帮",https://www.mmbang.com/bang/689/37648169,男宝,"三胎还是,要的来接走吧! 三胎还是,要的来接走吧!反射弧太长,前天做完的产检,昨晚才开始难过,虽然早已经有心理准备,却还是感觉好难过😫前天...",男宝,www.mmbang.com/bang/689/37648... 2020-11-12,https://www.mmbang.com/bang/689/37648169,"http://t12.baidu.com/it/u=3124985642,2391387217&fm=218&app=92&f=JPEG?w=121&h=75&s=119AAB7D4B66570F1854A1DF01009033",男宝
"的进,B超数据判断男女完全不靠谱!! - 2014年9月妈妈帮...",http://www.mmbang.com/bang/577/8343928,接男宝,"的进,B超数据判断男女完全不靠谱!! 预产期23号,26号剖腹产,健康男宝一枚,8斤2两,以前的B超数据显示都是女孩儿,结果翻盘了,附一张宝宝第一天照片...",接男宝,http://www.mmbang.com/bang/577/8343928 2020-11-8,http://www.mmbang.com/bang/577/8343928,"http://t7.baidu.com/it/u=2874559846,2308137273&fm=85&app=92&f=JPEG?w=121&h=75&s=289910D57E22381FC08605A00300F00A",
"二胎确认了,要的赶紧来接! - 2016年1月妈妈帮 - 妈妈帮",http://www.mmbang.com/bang/599/15282579,男宝,"接健康 2015年11月07日 回复  Xiao诗诗 宝宝9个月 27楼  接健康 听我的,建议你也下载一个妈妈帮App,以前很多事情我也不会处理。在这里有很多有经验...",男宝,http://www.mmbang.com/bang/599/15282579 2020-11-9,http://www.mmbang.com/bang/599/15282579,"http://t9.baidu.com/it/u=3740818033,3657707594&fm=85&app=92&f=JPEG?w=121&h=75&s=6012789B5EE27E96FCA9FFFA0300902D",男宝
"比超归来,棒 - 优生备孕帮 - 妈妈帮",http://www.mmbang.com/bang/436/7798178,接男宝,"说真的,我下载妈妈帮App后,学到了很多东西,建议你也试试,里面有很有经验丰富的宝妈都在妈妈帮App上分享自己的育儿心得体会,还有很多专业医生在线解答各种...",接男宝,http://www.mmbang.com/bang/436/7798178 2020-11-11,,,
"了,十五周复查确定男宝了,十三周检查说是男孩,但是怕检查有...",http://www.mmbang.com/bang/622/16828396,接男宝,"了,十五周复查确定男宝了,十三周检查说是男孩,但是怕检查有误,今天终于如愿了,第一胎女儿,所以这胎特别希望是儿子,儿女双全了,谢谢上天赐我一子,也请上...",接男宝,http://www.mmbang.com/bang/622/16828396 2020-11-9,,,
宝宝五天了。爸爸妈妈好爱你。一直在 - 2020年10月预产期帮...,https://www.mmbang.com/bang/696/38913636,接男宝,宝宝五天了。爸爸妈妈好爱你。一直在 宝宝五天了。爸爸妈妈好爱你。一直在宝。但是你出生是女宝。但是爸爸妈妈还是爱你...,接男宝,www.mmbang.com/bang/696/38913... 2020-11-1,https://www.mmbang.com/bang/696/38913636,"http://t7.baidu.com/it/u=2460220864,655393435&fm=218&app=2&f=JPEG?w=121&h=75&s=971014C7E640554707B6FD3803005019",接男宝
"剖腹产第二胎, - 小夫妻 - 妈妈帮",http://www.mmbang.com/bang/451/6831710,接男宝,"剖腹产第二胎, 我家宝宝7月24日下午2点来到人间,剖腹产第二胎,重7斤2两,所有评分都是10分,优秀男宝一名,看看我家宝宝第二天的照片...",接男宝,http://www.mmbang.com/bang/451/6831710 2020-11-12,http://www.mmbang.com/bang/451/6831710,"http://t9.baidu.com/it/u=268152582,1696084225&fm=85&app=92&f=PNG?w=121&h=75&s=3A23D205C8B05615909DBDF403005025",
"承接到我肚子里,早上八点进行刨宫产手 - 2020年11月预产期帮...",https://www.mmbang.com/bang/697/39040897,男宝,"承接到我肚子里,早上八点进行刨宫产手 承接到我肚子里,早上八点进行刨宫产手术,一直睡不着...",男宝,www.mmbang.com/bang/697/39040... 2020-11-12,,,男宝
"从怀孕开始看到就接,果真灵验了 - 2016年5月妈妈帮 - 妈妈帮",http://www.mmbang.com/bang/606/17496662,男宝,"从怀孕开始看到就接,果真灵验了 在帮里不知道接了多少个宝,果真到自己的时候灵验了,感谢🙏!希望我的小王子健健康康,快快乐乐长大...",男宝,http://www.mmbang.com/bang/606/17496662 2020-11-9,http://www.mmbang.com/bang/606/17496662,"http://t8.baidu.com/it/u=3852399475,2853152344&fm=85&app=92&f=JPEG?w=121&h=75&s=F500DE1D03F47194D6BD08E503009023",男宝
接23周热乎的四维通过图啦~ - 2019年1月出生帮 - 妈妈帮,https://www.mmbang.com/bang/668/29071001,男宝,"接23周热乎的四维通过图啦~ 宝宝太喜欢动啦,都抓拍不到正脸,总是手挡他的脸不让拍,一个小时才抓拍到一张正脸感觉宝宝不像我啊,是不是像他爹...",男宝,www.mmbang.com/bang/668/29071... 2020-11-7,https://www.mmbang.com/bang/668/29071001,"http://t9.baidu.com/it/u=1261317738,2103181608&fm=85&app=92&f=JPEG?w=121&h=75&s=AAC1C6032F4234494D64A1A90300D003",
"四维归来,没分男女,后来去死人诊所找了,一枚噢!!!接棒棒吧...",http://www.mmbang.com/bang/451/3303855,男宝,"棒! 2013年12月31日 回复  怡怡宝617 宝宝4个月 124楼  好孕 宝妈你还可以免费下载【妈妈帮】,它在孕育每个阶段都有一群妈妈在互相帮助 2013年...",接男宝,http://www.mmbang.com/bang/451/3303855 2020-11-10,,,接男宝
报喜了!接健康 - 2015年11月妈妈帮 - 妈妈帮,http://www.mmbang.com/bang/596/15247346,男宝,"报喜了!接健康 预产期原本是11.2,39+1天就发作了,25号晚11点半羊水就破了,折腾了到了1点120才到,到医院医生检查宫口羊水哗啦啦的流,说宫高有...",男宝,http://www.mmbang.com/bang/596/15247346 2020-11-11,,,
快接健康足月 - 2016年3月妈妈帮 - 妈妈帮,http://www.mmbang.com/bang/601/15895964,男宝,"接你健康! 2015年12月31日 回复  妈妈的小猴子宝宝 宝宝10个月 22楼  接健康宝宝 听我的,建议你也下载一个妈妈帮App,以前很多事情我也不会处理。在这里...",男宝,http://www.mmbang.com/bang/601/15895964 2020-11-9,http://www.mmbang.com/bang/601/15895964,"http://t7.baidu.com/it/u=282232272,2845469555&fm=85&app=92&f=JPEG?w=121&h=75&s=2150CB6E42589C365FB42CB80300C092",
棒了 7月20号 晚上9点46分 产下一名男宝 六斤六两 挺快的...,http://www.mmbang.com/bang/575/6708246,接男宝,棒了 7月20号 晚上9点46分 产下一名男宝 六斤六两 挺快的 肚子只疼了两个小时就生了 同上...,接男宝,http://www.mmbang.com/bang/575/6708246 2020-11-11,http://www.mmbang.com/bang/575/6708246,"http://t9.baidu.com/it/u=4053145691,4059329036&fm=85&app=92&f=JPEG?w=121&h=75&s=312049B55E63411B603621E50300E032",
"...可能又是个公子 怎么我觉得生个女宝怎么就那么难呢 ,要...",http://www.mmbang.com/bang/620/23680136,男宝,环江毛南族自治县 5个月前 回复  帮小友1ewFC 宝宝1个月 33楼  接健康男宝 环江毛南族自治县 5个月前 回复  qzuser0vzwt 宝宝11个月 32楼  接...,接男宝,http://www.mmbang.com/bang/620/23680136 2020-11-10,,,
"B超归来,二胎如愿 - 2016年3月出生帮 - 妈妈帮",http://www.mmbang.com/bang/601/14787179,男宝,"听我的,建议你也下载一个妈妈帮App,以前很多事情我也不会处理。在这里有很多有经验的妈妈互相帮助,教会我如何处理家庭关系,还有很多非常专业的孕育知识,现在...",接男宝,http://www.mmbang.com/bang/601/14787179 2020-11-9,,,
认命了!就是当婆婆的命!照了两次、都是男生!谁要男的谁来接走吧!!!,https://www.mmbang.com/bang/584/9295962,,",儿子来我肚里,女儿你接走  回复 鲜花 举报  萌萌小弟 10楼2014-11-05 17:25  你的男宝我接走了  回复 鲜花 举报  飒琳123 11楼2014-11-05 19...",接男宝,www.mmbang.com/bang/584/9295... 2020-11-10,,,
"双胞胎终于生了,来接健康超快顺产吧! - 2018年3月出生帮...",http://www.mmbang.com/bang/655/26885657,男宝,"双胞胎终于生了,来接健康超快顺产吧! 我跟双胞胎终于见面了,3月7号早上滴的催产素,下午两点四十人工破水,三点二十五进产房,打了无痛,四点十三分...",男宝,http://www.mmbang.com/bang/655/26885657 2020-11-9,,,男宝
报喜了!接健康 - 2015年11月妈妈帮 - 妈妈帮,http://www.mmbang.com/bang/596/15247346,男宝,"报喜了!接健康 预产期原本是11.2,39+1天就发作了,25号晚11点半羊水就破了,折腾了到了1点120才到,到医院医生检查宫口羊水哗啦啦的流,说宫高有...",男宝,http://www.mmbang.com/bang/596/15247346 2020-11-11,,,
快接健康足月 - 2016年3月妈妈帮 - 妈妈帮,http://www.mmbang.com/bang/601/15895964,男宝,"接你健康! 2015年12月31日 回复  妈妈的小猴子宝宝 宝宝10个月 22楼  接健康宝宝 听我的,建议你也下载一个妈妈帮App,以前很多事情我也不会处理。在这里...",男宝,http://www.mmbang.com/bang/601/15895964 2020-11-9,http://www.mmbang.com/bang/601/15895964,"http://t7.baidu.com/it/u=282232272,2845469555&fm=85&app=92&f=JPEG?w=121&h=75&s=2150CB6E42589C365FB42CB80300C092",
棒了 7月20号 晚上9点46分 产下一名男宝 六斤六两 挺快的...,http://www.mmbang.com/bang/575/6708246,接男宝,棒了 7月20号 晚上9点46分 产下一名男宝 六斤六两 挺快的 肚子只疼了两个小时就生了 同上...,接男宝,http://www.mmbang.com/bang/575/6708246 2020-11-11,http://www.mmbang.com/bang/575/6708246,"http://t9.baidu.com/it/u=4053145691,4059329036&fm=85&app=92&f=JPEG?w=121&h=75&s=312049B55E63411B603621E50300E032",
"...可能又是个公子 怎么我觉得生个女宝怎么就那么难呢 ,要...",http://www.mmbang.com/bang/620/23680136,男宝,环江毛南族自治县 5个月前 回复  帮小友1ewFC 宝宝1个月 33楼  接健康男宝 环江毛南族自治县 5个月前 回复  qzuser0vzwt 宝宝11个月 32楼  接...,接男宝,http://www.mmbang.com/bang/620/23680136 2020-11-10,,,
"B超归来,二胎如愿 - 2016年3月出生帮 - 妈妈帮",http://www.mmbang.com/bang/601/14787179,男宝,"听我的,建议你也下载一个妈妈帮App,以前很多事情我也不会处理。在这里有很多有经验的妈妈互相帮助,教会我如何处理家庭关系,还有很多非常专业的孕育知识,现在...",接男宝,http://www.mmbang.com/bang/601/14787179 2020-11-9,,,
认命了!就是当婆婆的命!照了两次、都是男生!谁要男的谁来接走吧!!!,https://www.mmbang.com/bang/584/9295962,,",儿子来我肚里,女儿你接走  回复 鲜花 举报  萌萌小弟 10楼2014-11-05 17:25  你的男宝我接走了  回复 鲜花 举报  飒琳123 11楼2014-11-05 19...",接男宝,www.mmbang.com/bang/584/9295... 2020-11-10,,,
"双胞胎终于生了,来接健康超快顺产吧! - 2018年3月出生帮...",http://www.mmbang.com/bang/655/26885657,男宝,"接超快顺产,,感谢神阿们 3个月前 回复  爱梧州 宝宝3天 58楼  恭喜恭喜接健康双胞胎男宝 2018年10月16日 回复  爱梧州 宝宝3天 57楼  恭喜恭喜啊接...",接男宝,http://www.mmbang.com/bang/655/26885657 2020-11-9,,,
"B超归来,一枚,来接吧宝妈们。。聪明的宝妈们给起个好听的名字...",http://www.mmbang.com/bang/580/8726157,男宝,2014年10月15日 回复  stickers 宝宝10个月 14楼  接健康男宝 2014年10月15日 回复  雅丽? 宝宝10个月 13楼   宝妈别发愁这个情况我也遇到过...,接男宝,http://www.mmbang.com/bang/580/8726157 2020-11-11,,,接男宝
"终于到我报喜了,21号预产期今天生了,,6.2两,接了不少棒...",http://www.mmbang.com/bang/579/9593714,男宝,"这下儿女双全了,来棒吧!顺产的,早上五点多疼,下午一点出生,宝宝很乖,等大一点在来拍照片给各位姐妹看哈,说下顺产之后一点也不疼了,产后我是自己爬...",接男宝,http://www.mmbang.com/bang/579/9593714 2020-11-11,,,
"...医生说宝宝的头偏大!宝妈们,快来接健康哦(⊙o⊙)! - 2015年1...",https://www.mmbang.com/bang/581/8525930,男宝,"25周四维顺利通过,医生说宝宝的头偏大!宝妈们,快来接健康哦(⊙o⊙)! 做之前宝宝一直在动,到做的时候反而睡着了,医生说睡的可香了,做完了都没醒!后来...",男宝,www.mmbang.com/bang/581/8525... 2020-10-28,https://www.mmbang.com/bang/581/8525930,"http://t7.baidu.com/it/u=14632644,4217345642&fm=85&app=92&f=JPEG?w=121&h=75&s=45C29C4457D63E6972ECE50E0100C0C2",
心诚则灵!孕七周验血宝宝性别是!传好孕男棒~ - 优生备孕帮...,http://www.mmbang.com/bang/436/26065778,男宝,"1个月前 回复  措手不及的情绪kq4NS 备孕 49楼  接好孕,接健康男宝来腹中, 肥城市 3个月前 回复  查看全部52条评论 妈妈...",接男宝,http://www.mmbang.com/bang/436/26065778 2020-11-12,,,
"B超回来,一枚! - 2014年8月妈妈帮 - 妈妈帮",http://www.mmbang.com/bang/576/5770192,男宝,"天天都在帮里,今天找熟人彩超看到小***好明显啊,我婆婆站在旁边非常的激动,第一胎总算任务完成了,不过了宝宝头向上,脐带绕了一圈,说三十二周头没向下...",接男宝,http://www.mmbang.com/bang/576/5770192 2020-11-8,,,
头胎 接好运 - 2015年2月出生帮 - 妈妈帮,http://www.mmbang.com/bang/582/8924143,男宝,"! 2015年3月21日 回复  liujinyue 宝宝8个月 35楼  我宝 说真的,我下载妈妈帮App后,学到了很多东西,建议你也试试,里面有很有经验丰富的宝妈...",接男宝,http://www.mmbang.com/bang/582/8924143 2020-11-9,http://www.mmbang.com/bang/582/8924143,"http://t9.baidu.com/it/u=4232144260,827204527&fm=85&app=92&f=PNG?w=121&h=75&s=4F02FF0F6079D398078071E003007022",接男宝
"彩超归来,一枚,宝妈们快来接哦! - 2015年2月妈妈帮 - 妈妈帮",http://www.mmbang.com/bang/582/10039046,男宝,"2014年12月06日 回复  小天天小甜甜 宝宝5个月 28楼  接健康男宝 我正在使用下载【妈妈帮】,欢迎你下载【妈妈帮】与我讨论孕育经经验 2014年12月06日...",接男宝,http://www.mmbang.com/bang/582/10039046 2020-11-9,,,
昨天b超一枚 - 2015年1月妈妈帮 - 妈妈帮,http://www.mmbang.com/bang/581/9053274,男宝,"2014年10月28日 回复  提拉米苏小熊 宝宝9个月 13楼  恭喜宝妈接走健康男宝 听我的,建议你也下载一个妈妈帮App,以前很多事情我也不会处理。在这里有...",接男宝,http://www.mmbang.com/bang/581/9053274 2020-11-8,,,
台前b超归来一枚快点接健康 - 济宁妈妈帮 - 妈妈帮,https://m.mmbang.com/coop/jining/bang/4658819_1,男宝,"恭喜你啊!宝。 2014年4月11日 回复 宝贝淼6699 宝宝4个月  20楼  我也来,恭喜宝妈,过段时间我也要去了,好紧张的～ 2014年4月11日 回复 1...",接男宝,m.mmbang.com/coop/jining/bang/465881... 2020-11-4,,,接男宝
接天枰座健康一枚哦! - 2014年10月妈妈帮 - 妈妈帮,http://www.mmbang.com/bang/578/6565825,男宝,"接天枰座健康一枚哦! 上周去照了四维,宝贝二斤多啦!在妈妈的豪宅里又乐又吐舌头,好开心呢...",男宝,http://www.mmbang.com/bang/578/6565825 2020-11-11,http://www.mmbang.com/bang/578/6565825,"http://t9.baidu.com/it/u=4201639998,1598954800&fm=85&app=92&f=PNG?w=121&h=75&s=E452789AC05457C86E3E70EE0300706B",
倒计时33天。希望能如愿以偿。接健康 - 2020年11月预产期帮 - 妈 ...,https://www.mmbang.com/bang/697/38929406,男宝,倒计时33天。希望能如愿以偿。接健康 倒计时33天。希望能如愿以偿。接健康在我腹中足月顺利出生...,男宝,www.mmbang.com/bang/697/38929... 2020-11-7,,,男宝
终于找到可以B超看男女的地方了 - 2014年8月出生帮 - 妈妈帮,https://www.mmbang.com/bang/576/4849481,,"我也  回复 鲜花 举报  金荷英 13楼2014-04-16 16:37  恭喜宝妈,接健康男宝  回复 鲜花 举报  周游我世界 14楼2014-04-16 16:59  宝妈你的题目...",接男宝,www.mmbang.com/bang/576/4849... 2020-11-7,,,
去小诊所看男女的经历 - 2016年9月出生帮 - 妈妈帮,https://www.mmbang.com/bang/622/17233452,,"喽  回复 鲜花 举报  石小毛 7楼2016-05-03 14:21  接健康男宝在肚,我跟宝妈一样,上次没看成  回复 鲜花 举报  猴宝贝!!! 8楼2016-05-03 14...",接男宝,www.mmbang.com/bang/622/17233... 2020-11-4,,,
"4月26预产期,23日发动,超快秒顺,二胎健康一枚,6斤7两,接棒棒...",http://www.mmbang.com/bang/585/12632047,男宝,"22楼:失落的晴空 ,求二胎男宝,求发动,祈祷儿子🙏🙏🙏  2015年4月25日 回复  宝宝丫~ 宝宝6个月 24楼  宝妈加油 21楼:1aa 接顺产男宝棒,求发...",接男宝,http://www.mmbang.com/bang/585/12632047 2020-11-9,,,
"散发我的正能量,接超快一枚,已经生过半个月了,月子里宝爸不让...",http://www.mmbang.com/bang/589/14033025,男宝,"散发我的正能量,接超快一枚,已经生过半个月了,月子里宝爸不让碰手机,今天是宝爸带的宝宝,我才偷发的帖 我是七月二十四预产期,谁知道在十***那天宝宝...",男宝,http://www.mmbang.com/bang/589/14033025 2020-11-12,,,
说说胎动看男女 - 2018年3月出生帮 - 妈妈帮,https://www.mmbang.com/bang/655/26854312,,到我腹中  回复 鲜花2 举报  近距离l0Fhp 5楼2018-03-20 09:53  接健康男宝  回复 鲜花2 举报  帮小友1HWQQ 6楼2018-03-21 15:43  接健康男...,接男宝,www.mmbang.com/bang/655/26854... 2020-11-11,,,
"26周查了b超女孩,还能翻盘吗,要女宝的来接,传我 - 2019年1月出生...",https://www.mmbang.com/bang/668/29309048,男宝,"26周查了b超女孩,还能翻盘吗,要女宝的来接,传我 头胎女孩,二胎查了又是女孩,想儿女双全怎么这么难,不知道还能不能翻盘了。求女翻男成功!要女宝的来接,...",男宝,www.mmbang.com/bang/668/29309... 2020-11-6,,,
! - 2014年12月妈妈帮 - 妈妈帮,http://www.mmbang.com/bang/580/5849711,男宝,"恭喜宝妈,。 我正在使用下载【妈妈帮】,欢迎你下载【妈妈帮】与我讨论孕育经经验 2017年11月03日 回复  小彤彤阿。 宝宝7个月 301楼  接健康男宝!!!",接男宝,http://www.mmbang.com/bang/580/5849711 2020-11-9,,,
"34周早产,一枚 - 斯利安生男生女 - 妈妈帮",http://www.mmbang.com/bang/620/24396353,男宝,"4个月前 回复  qzuserm8Kiz 宝宝8个月 22楼  接健康男宝 2017年8月22日 回复  晶晶iu9T3 备孕 21楼  接健康男宝,跪求女翻男 说真的,我下载妈妈...",接男宝,http://www.mmbang.com/bang/620/24396353 2020-11-10,,,
"这辈子就是婆婆命,8月6号剖下双胞胎,两个各6斤! - 2015年8月...",http://www.mmbang.com/bang/590/14246006,男宝,68楼:{好}妈妈 到我肚肚! 2015年8月27日 回复  短发女人也可以性感和 宝宝3个月 69楼  接走吧:-D 67楼:么么哒~小槿玥😘 我也喜欢双胞胎诶。,接男宝,http://www.mmbang.com/bang/590/14246006 2020-11-8,,,
有B超翻盘的吗?我这个还有可能翻盘吗 - 优生备孕帮 - 妈妈帮,https://www.mmbang.com/bang/436/38638283,男宝,"回复 鲜花1 举报  戚开心 12楼2020-10-15 14:45  哎呀,这年头,男宝女宝,健康就好。  回复 鲜花 举报  洁欣妈咪 13楼2020-10-17 01:07  接健...",接男宝,www.mmbang.com/bang/436/38638... 2020-11-13,,,
"农历12月22日,剖腹产生下一枚! - 2018年2月出生帮 - 妈妈帮",https://www.mmbang.com/bang/652/26611588,男宝,"农历12月22日,剖腹产生下男宝一枚! 天天在帮里,如愿了...",接男宝,www.mmbang.com/bang/652/26611... 2020-10-30,,,
"零晨两点生了,5斤重,一枚,提前了10天生 - 2016年3月妈妈帮...",http://www.mmbang.com/bang/601/16584055,男宝,"快了,痛到生只用了3个钟,顺产无侧切最新回复NEW 幸福的微笑H 宝宝7个月 179楼  接秒顺健康男宝宝 2016年3月14日 回复  幸福的微笑H 宝宝7个月 178...",接男宝,http://www.mmbang.com/bang/601/16584055 2020-11-6,,,
"26周b超,医生说是!求翻盘! - 2015年11月出生帮 - 妈妈帮",https://www.mmbang.com/bang/596/14324213,男宝,"6楼 爱人*: 。求女翻男  接宝妈女宝  回复 鲜花 举报  贝曦贝泽 9楼2015-08-25 11:04  我接二胎健康男宝,凑好字,希望彼此如愿!  回复 鲜花 举...",接男宝,www.mmbang.com/bang/596/14324... 2020-11-8,,,
"宝贝10月变9月,女宝变 - 2014年10月妈妈帮 - 妈妈帮",http://www.mmbang.com/bang/578/8469859,男宝,"宝贝10月1预产期结果9月26就出生了,曾经4维说女宝,生下来变成男宝了……吧,宝贝出生10天就是不吃母乳,一给奶头就哭了 跟达人妈妈学辅食,入群有礼!添加...",接男宝,http://www.mmbang.com/bang/578/8469859 2020-11-9,,,
"听说初一放桂圆红枣到床头可以怀儿子,结果b超回来果是儿子。快来...",http://www.mmbang.com/bang/604/15388756,,"2015年11月16日 回复  又一次伤心 宝宝10个月 36楼  接健康男宝 我正在使用下载【妈妈帮】,欢迎你下载【妈妈帮】与我讨论孕育经经验 2015年11月16日...",接男宝,http://www.mmbang.com/bang/604/15388756 2020-11-10,http://www.mmbang.com/bang/604/15388756,"http://t9.baidu.com/it/u=4124831141,1268638688&fm=85&app=92&f=JPEG?w=121&h=75&s=FDBC0FD14E1540CEC09DECD60300F092",
"做nt问医生是男孩女孩,医生说看不出来, - 优生备孕帮 - 妈妈帮",https://www.mmbang.com/bang/436/38409957,,"5楼 跪: 估计是,我这三胎要男宝嘞说还是女宝,后半年女宝多吧  我是明年生,管他男宝女宝,就这一胎了。这一胎,是吃啥啥不香,好烦  秀洲区 回复 鲜...",接男宝,www.mmbang.com/bang/436/38409... 2020-10-28,,,
"无创通过,数值看男女准吗?听说18比13和21都高是女宝宝?有翻盘的吗...",https://www.mmbang.com/bang/620/30307182_1,,"有没有宝妈无创数值生完翻盘的呀～～我这个数据貌似是典型的女宝,好想呀! 跟达人妈妈学辅食,入群有礼!添加mmbang678为好友,回复【养育】即可入群~ 斯利安...",接男宝,www.mmbang.com/bang/620/3030718... 2020-11-7,,,
"无创通过,数值看男女准吗?听说18比13和21都高是女宝宝?有翻盘的吗...",https://www.mmbang.com/bang/620/30307182,,"有没有宝妈无创数值生完翻盘的呀～～我这个数据貌似是典型的女宝,好想呀! 跟达人妈妈学辅食,入群有礼!添加mmbang678为好友,回复【养育】即可入群~ 斯利安...",接男宝,www.mmbang.com/bang/620/30307... 2020-11-7,,,
求证一胎宝宝的头顶旋能预知下一胎得性别 - 斯利安生男生女 - 妈妈...,https://www.mmbang.com/bang/620/23849512,,"噢 14楼2017-08-08 12:01  我家老二是和那个宝妈发的一样,老大和老二是相反的  回复 鲜花 举报  安琪儿爱妈妈 15楼2017-08-08 12:38  14楼 ...",接男宝,www.mmbang.com/bang/620/23849... 2020-11-4,https://www.mmbang.com/bang/620/23849512,"http://t10.baidu.com/it/u=4237502099,1234390598&fm=218&app=92&f=JPEG?w=121&h=75&s=E2E29641423AA27E0A78958B030070C0",接
"2018.11.19我的宝贝儿子出生了, - 2018年11月出生帮 - 妈妈帮",http://www.mmbang.com/bang/666/29944224,,"2018.11.19我的宝贝儿子出生了,天天,特来还愿了,我也儿女双全了,祝各位宝妈要男得男,要女得女。 最新回复NEW 帮小友1Wu4l 宝宝3个月 235楼  接...",接男宝,http://www.mmbang.com/bang/666/29944224 2020-11-12,,,
报喜了 剖腹产6.1斤宝 10.5号 - 2020年10月预产期帮 - 妈妈帮,https://www.mmbang.com/bang/696/38691712,男宝,"报喜了 剖腹产6.1斤男宝宝 10.5号的预产期 提前破水剖了 的来 跟达人妈妈学辅食,入群有礼!添加mmbang678为好友,回复【养育】即可入群~ 印江土家族...",接男宝,www.mmbang.com/bang/696/38691... 2020-11-8,https://www.mmbang.com/bang/696/38691712,"http://t9.baidu.com/it/u=1280429902,1837214871&fm=218&app=2&f=JPEG?w=121&h=75&s=A9704B9062336F80710094CF0300A063",
"8:43生了,从发作到生3个钟,过程可以 - 2020年11月预产期帮 - 妈妈帮",https://www.mmbang.com/bang/697/39048688,,"在回忆,宝贝真会心痛人没让妈妈受多大的罪,小小的宝贝好可爱,从此封肚了,以后好好抚养你们长大成人,爱你我的小米奇,从此以后又多了一个保护我的人,的来...",接男宝,www.mmbang.com/bang/697/39048... 2020-11-12,,,
"十一月六号预产期,十一月七号剖腹产一枚 - 2015年11月妈妈帮...",http://www.mmbang.com/bang/596/15388411,男宝,"十一月六号预产期,十一月七号剖腹产男宝一枚 六号早上见红,晚上十二点破水,七号晚上羊水少十点半剖腹产男宝一枚,的宝妈来咯...",接男宝,http://www.mmbang.com/bang/596/15388411 2020-11-11,,,
"妊娠糖尿病37+1剖腹7.9斤一名,报喜报喜 - 2017年1月出生帮...",http://www.mmbang.com/bang/627/22621358,男宝,"说真的,我下载妈妈帮App后,学到了很多东西,建议你也试试,里面有很有经验丰富的宝妈都在妈妈帮App上分享自己的育儿心得体会,还有很多专业医生在线解答各种...",接男宝,http://www.mmbang.com/bang/627/22621358 2020-11-9,http://www.mmbang.com/bang/627/22621358,"http://t9.baidu.com/it/u=1355256014,2657977545&fm=85&app=92&f=JPEG?w=121&h=75&s=A6545ECBCCC2615747B900B80300C012",
亲们 胎位左枕前一定是男孩吗?? - 2018年2月出生帮 - 妈妈帮,https://www.mmbang.com/bang/652/26070705,,回复 鲜花 举报  吴吴吴1号 6楼2017-12-30 08:31  大宝左枕前胎动右边多 胎盘后壁女儿 现在二胎右枕前胎动左边多胎盘后壁 估计还是女儿  回复 鲜...,接男宝,www.mmbang.com/bang/652/26070... 2020-10-28,,,
报喜了! - 生男生女 - 妈妈帮,http://www.mmbang.com/bang/620/21931141,,"报喜了! 今天18周,做了BC,一枚,真的如愿以偿了,在妈妈帮接了好多,梦想成真,因为二胎,大宝是女孩,所以我和老公还有家人都非常开心,儿女双全,接下...",男宝,http://www.mmbang.com/bang/620/21931141 2020-11-10,,,男宝
"终于卸货啦😜😜😜,谁说生二胎比生一胎轻松!!! - 2016年9月...",http://www.mmbang.com/bang/622/21695598,,"接健康!! 2016年9月28日 回复  爱,yuanbai 宝宝1个月 9楼  传给宝妈 说真的,我下载妈妈帮App后,学到了很多东西,建议你也试试,里面有很有经验丰富的...",男宝,http://www.mmbang.com/bang/622/21695598 2020-11-10,http://www.mmbang.com/bang/622/21695598,"http://t8.baidu.com/it/u=1259995496,396839297&fm=85&app=92&f=JPEG?w=121&h=75&s=FBB81CC15A400E5BD21080360300C0C0",
2020年9月18日凌晨三点五十五分侧切 - 2020年9月预产期帮 - 妈妈帮,https://www.mmbang.com/bang/695/38656421,,"2020年9月18日凌晨三点五十五分侧切 2020年9月18日凌晨三点五十五分侧切生产男宝一枚,清宫图准了,肚型准了,每天接儿女双全准了,特来还愿。因为...",接男宝,www.mmbang.com/bang/695/38656... 2020-11-6,https://www.mmbang.com/bang/695/38656421,"http://t9.baidu.com/it/u=3549903455,628104952&fm=218&app=2&f=JPEG?w=121&h=75&s=E7F01BD4011767C4D0812DCF0300E021",
"8:43生了,从发作到生3个钟,过程可以 - 2020年11月预产期帮 - 妈妈帮",http://www.mmbang.com/bang/697/39048688,,"在回忆,宝贝真会心痛人没让妈妈受多大的罪,小小的宝贝好可爱,从此封肚了,以后好好抚养你们长大成人,爱你我的小米奇,从此以后又多了一个保护我的人,的来...",接男宝,http://www.mmbang.com/bang/697/39048688 2020-11-12,,,
"孕50多天,保佑宝宝平安健康!传～逢接必中! - 2017年7月妈妈帮...",http://www.mmbang.com/bang/642/22288401,男宝,"孕50多天,保佑宝宝平安健康!传～逢接必中! 结果出来了,家里人都乐开了花儿!家婆天天炖汤给我喝,亲爱的小王子,你呀就尽情发挥吸取麻麻的营养好好发育,...",男宝,http://www.mmbang.com/bang/642/22288401 2020-11-9,,,
"40加5终于迎来了我家小王子,7.4斤, - 2020年10月预产期帮 - 妈妈帮",http://www.mmbang.com/bang/696/39046865,,"因为一胎是个小公主,一直希望二胎是个小王子,有不同的养育体验,并非重男轻女,再生一个小女生也很开心。从意外怀上二宝一直在宝宝树,想生到一定来还愿!把...",接男宝,http://www.mmbang.com/bang/696/39046865 2020-11-12,http://www.mmbang.com/bang/696/39046865,"http://t8.baidu.com/it/u=1803049710,4006910625&fm=218&app=2&f=JPEG?w=121&h=75&s=341915D50422390F983441A903007001",
我这32+5双顶径是不是小了 - 优生备孕帮 - 妈妈帮,http://www.mmbang.com/bang/436/39056695,,"二宝, 36秒前我这32+5双顶径是不是小了  成武县最新回复NEW 亲,快来抢沙发~ 请先登录 或注册妈妈帮-备孕怀孕育儿社区 和7200万妈妈一起交流育儿经验 ...",接男宝,http://www.mmbang.com/bang/436/39056695 2020-11-13,,,
"明天接健康,平安顺产,儿女双全 - 2020年11月预产期帮 - 妈妈帮",https://www.mmbang.com/bang/697/39010087,男宝,"明天接健康,平安顺产,儿女双全 明天接健康,平安顺产,儿女双全...",男宝,www.mmbang.com/bang/697/39010... 2020-11-7,,,男宝
"接到了,超快顺产,4点半进产房,催产 - 2020年11月预产期帮 - 妈 ...",https://www.mmbang.com/bang/697/38979049,男宝,"接到了,超快顺产,4点半进产房,催产 接到了,超快顺产,4点半进产房,催产针4点半开始5分钟痛一下,5点半就生了,无痛都没有打...",男宝,www.mmbang.com/bang/697/38979... 2020-11-11,https://www.mmbang.com/bang/697/38979049,"http://t8.baidu.com/it/u=1791952468,1695219970&fm=218&app=2&f=JPEG?w=121&h=75&s=932EF0054622EB45023659880300F098",男宝
接二胎 - 2016年10月妈妈帮 - 妈妈帮,http://www.mmbang.com/bang/624/17030833,男宝,"接二胎 第一胎是女宝,总想第二胎是那有多好,今天16+3天终于忍不住去查,说是,然后医生又说不敢说百分之百是正确,但有95%是,让我在等半个...",男宝,http://www.mmbang.com/bang/624/17030833 2020-11-9,,,男宝
"那些说接健康在腹中的人,不知道你们是 - 优生备孕帮 - 妈妈帮",https://www.mmbang.com/bang/436/39041463,男宝,"那些说接健康在腹中的人,不知道你们是 那些说接健康在腹中的人,不知道你们是怎么想的,重男轻女吗?二胎的就不说了,一胎的也跟着说什么?只要看谁生了...",男宝,www.mmbang.com/bang/436/39041... 2020-11-12,https://www.mmbang.com/bang/436/39041463,"http://t9.baidu.com/it/u=3297433019,3307826021&fm=218&app=2&f=JPEG?w=121&h=75&s=F5105B9F52656EBD61B4B0E5030010A1",男宝
"接健康,顺产过程加月子分享 - 2016年1月妈妈帮 - 妈妈帮",http://www.mmbang.com/bang/599/15871361,男宝,"接健康,顺产过程加月子分享 宝妈们快来接健康26号的早晨5点,突然流出来东西,赶紧起床,以为是羊水破了,起来一看,见红了,赶紧把老公喊起来,收拾收拾东...",男宝,http://www.mmbang.com/bang/599/15871361 2020-11-10,http://www.mmbang.com/bang/599/15871361,"http://t8.baidu.com/it/u=1344579427,3873182595&fm=85&app=92&f=JPEG?w=121&h=75&s=BDB9599372337B841A10C0EE03001022",男宝
"宝宝已出生,3700克,在群里接了男 - 2020年10月预产期帮 - 妈 ...",https://www.mmbang.com/bang/696/38876108,男宝,"宝宝已出生,3700克,在群里接了宝已出生,3700克,在群里接了真的如愿了,开心😁人生得以圆满。愿所有的宝妈都能如愿,宝宝健康成长...",男宝,www.mmbang.com/bang/696/38876... 2020-11-7,,,男 宝
"帮里的宝妈介绍的,成功接到了 - 广州妈妈帮 - 妈妈帮",https://www.mmbang.com/guangzhou/bang/39038610,男宝,"帮里的宝妈介绍的,成功接到了 来了,来了,终于接到了,我的儿子来了,帮里的宝妈介绍,她查得准了,哈哈,希望我也是...",男宝,www.mmbang.com/guangzhou/bang/39038... 2020-11-11,https://www.mmbang.com/guangzhou/bang/39038610,"http://t8.baidu.com/it/u=3266210488,310155657&fm=218&app=2&f=JPEG?w=121&h=75&s=851AA37DC626670D3C18F14D01003060",男宝
"成功接到,胎心率一直150左右,跟双 - 2020年11月预产期帮 - 妈 ...",https://www.mmbang.com/bang/697/39049992,男宝,"成功接到,胎心率一直150左右,跟双 成功接到,胎心率一直150左右,跟双顶径减股骨一直都小于2。看数据一直以为是女孩,没想到还是第六感准确,怀上就知...",男宝,www.mmbang.com/bang/697/39049... 2020-11-13,https://www.mmbang.com/bang/697/39049992,"http://t8.baidu.com/it/u=1324682419,3698279664&fm=218&app=2&f=JPEG?w=121&h=75&s=3C905A915C1357C0123CBDEE0300F030",男宝
"接了那么多帖,也没翻盘,总结一下,清 - 2020年10月预产期帮 - 妈 ...",https://www.mmbang.com/bang/696/39047938,男宝,"接了那么多帖,也没翻盘,总结一下,清 接了那么多帖,也没翻盘,总结一下,清宫表不准,唐筛不准,头大腿粗不准,直觉不准,妊娠线和肚型都不准,唯一准的...",男宝,www.mmbang.com/bang/696/39047... 2020-11-12,,,男宝
"报喜了,接二胎,秒顺 - 2016年7月妈妈帮 - 妈妈帮",http://www.mmbang.com/bang/614/17834506,男宝,"报喜了,接二胎,秒顺 半夜1:30阵痛,5.6分钟一次,3点到医院,4:30顺产无侧切,生的时候用了10分钟,生太快了,把宝宝挤黑了,黑就黑了点吧,终于凑...",男宝,http://www.mmbang.com/bang/614/17834506 2020-11-10,,,
"调理了这么久,成功接到一枚了 - 阳江妈妈帮 - 妈妈帮",https://www.mmbang.com/yangjiang/bang/38920063,男宝,"调理了这么久,成功接到一枚了 二胎想凑个儿女双全,身体也在调理中,怀孕了,去抽血查了,果然没让我失望,成功接到一枚啦...",男宝,www.mmbang.com/yangjiang/bang/38920... 2020-11-3,https://www.mmbang.com/yangjiang/bang/38920063,"http://t7.baidu.com/it/u=326084433,848230963&fm=218&app=2&f=JPEG?w=121&h=75&s=851AA37DC626670D3C18F14D01003060",男宝
"来报喜已经满月了。生的宝,接上篇。 - 2019年1月出生帮...",http://www.mmbang.com/bang/668/30674410,男宝,接健康 2019年5月20日 回复  帮小友1PJQE 宝宝11个月 247楼  恭喜恭喜诚接健康已在我腹中 2019年5月19日 回复  帮小友1UmhW 宝宝6个月 246楼  ...,男宝,http://www.mmbang.com/bang/668/30674410 2020-11-8,http://www.mmbang.com/bang/668/30674410,"http://t8.baidu.com/it/u=1738735443,3363661718&fm=218&app=92&f=JPEG?w=121&h=75&s=34905B9149B3C2D242A420F40300C0A2",男宝
"接健康的来,传你们(儿女双全咯[抱抱 - 2019年1月出生帮...",http://www.mmbang.com/bang/668/30644204,男宝,"接健康可爱!接健康好孕! 听我的,建议你也下载一个妈妈帮App,以前很多事情我也不会处理。在这里有很多有经验的妈妈互相帮助,教会我如何处理家庭关系,还有很多...",男宝,http://www.mmbang.com/bang/668/30644204 2020-11-9,,,
接健康棒咯附照片 - 2014年1月妈妈帮 - 妈妈帮,http://www.mmbang.com/bang/565/2393061,男宝,"恭喜,我来接健康棒! 2014年6月29日 回复  爱上正太迷恋小翻版 宝宝10个月 67楼  是么 我觉得我挺显的 我正在使用下载【妈妈帮】,欢迎你下载【妈妈帮】...",男宝,http://www.mmbang.com/bang/565/2393061 2020-11-11,http://www.mmbang.com/bang/565/2393061,"http://t7.baidu.com/it/u=3915881293,3628719890&fm=85&app=92&f=PNG?w=121&h=75&s=248008F35A1209DC419C283F03005042",
"来报喜已经满月了。生的宝,接上篇。 - 2019年1月出生帮 - 妈妈...",https://www.mmbang.com/bang/668/30674410,男宝,"来报喜已经满月了。生的宝,接上篇。 前两个月发了孕肚照让大家猜,几乎百分之八九十的人都猜的,结果生的也是。不得不说大家猜的还是蛮准的。...",男宝,www.mmbang.com/bang/668/30674... 2020-11-5,https://www.mmbang.com/bang/668/30674410,"http://t7.baidu.com/it/u=677458587,771224296&fm=85&app=92&f=JPEG?w=121&h=75&s=3490539149B3C2D242A420F40300C0A2",男宝
诚接健康![求][求][求男 - 优生备孕帮 - 妈妈帮,https://www.mmbang.com/bang/436/38928101,男宝,诚接健康! 罗甸县 接好孕(611)  0 0  举报 只有注册用户才能发表回复。请 登录 或者立即注册 帮小友1mzIy 关注 6 话题 26 粉丝 ...,男宝,www.mmbang.com/bang/436/38928... 2020-11-2,https://www.mmbang.com/bang/436/38928101,"http://t9.baidu.com/it/u=1199792430,491877233&fm=218&app=2&f=JPEG?w=121&h=75&s=B5907B954D13CADC0A35F5C30300F031",
B超归来 喜欢的就来接 - 2017年4月妈妈帮 - 妈妈帮,http://www.mmbang.com/bang/635/22343388,男宝,说羊水什么都正常 临了又看了看 说没错 就是小子 其实关于宝宝性别 我们都是无所谓的 女宝都是手中宝 只要健康就好 如果有喜欢的宝妈 都来接吧 展开...,男宝,http://www.mmbang.com/bang/635/22343388 2020-11-12,,,男宝
"没有接到,B超真的非常准没有儿子命 - 2020年10月预产期帮 - 妈 ...",https://www.mmbang.com/bang/696/38925714,男宝,"没有接到,B超真的非常准没有儿子命 搜索关注【妈妈帮APP】公众号,育儿知识、福利活动、官方微信群,等你来报到! 明光市 0 15  举报 ...",男宝,www.mmbang.com/bang/696/38925... 2020-11-10,,,
"求发动,在医院里待了三天了,接健康 - 2020年11月预产期帮 - 妈 ...",https://www.mmbang.com/bang/697/38988571,男宝,"求发动,在医院里待了三天了,接健康 求发动,在医院里待了三天了,接健康...",男宝,www.mmbang.com/bang/697/38988... 2020-11-5,,,男宝
"如愿啦,抽血接到啦 - 衡水妈妈帮 - 妈妈帮",https://www.mmbang.com/hengshui/bang/38927608,男宝,"如愿啦,抽血接到啦 在妈妈帮接了这么久,终于轮到我如愿了,抽血确认肚子里面一枚,哈哈哈,希望宝宝健康平安的能来到我的身边...",男宝,www.mmbang.com/hengshui/bang/38927... 2020-11-3,,,男宝
"二胎又是,强大的孕,缝接必中! - 优生备孕帮 - 妈妈帮",https://www.mmbang.com/bang/436/39051781,男宝,"二胎又是,强大的孕,缝接必中! 二胎又是,强大的孕,缝接必中!一胎,二胎今天再次确认。还没有结婚前妈妈就说给我算命说我一肚子的儿子,...",男宝,www.mmbang.com/bang/436/39051... 2020-11-13,https://www.mmbang.com/bang/436/39051781,"http://t9.baidu.com/it/u=765285852,947768380&fm=218&app=2&f=JPEG?w=121&h=75&s=7190ED3A015A45CC14FC35DA000080B0",男宝
"11.20号,顺产一枚.,宝棒! - 小夫妻 - 妈妈帮",http://www.mmbang.com/bang/451/9717560,男宝,"接健康 宝妈你还可以免费下载【妈妈帮】,它在孕育每个阶段都有一群妈妈在互相帮助 2014年11月30日 回复  yL。 宝宝9个月 61楼  恭喜,接健康! 2014年...",男宝,http://www.mmbang.com/bang/451/9717560 2020-11-8,,,男宝
"报喜啦,5月25产下8.1斤男孩,要健康的快来接! - 2018年5月出生...",http://www.mmbang.com/bang/658/27833305,男宝,"报喜啦,5月25产下8.1斤男孩,要健康的快来接! 5月24检查羊水偏少,5月25检查出羊水过少,基本没了,紧急手术,中午顺利剖出8.1斤男孩,母子平安...",男宝,http://www.mmbang.com/bang/658/27833305 2020-11-10,,,
"今天四维彩超通过,觉得宝宝照片一看就像男孩! - 2017年9月妈妈帮...",http://www.mmbang.com/bang/646/24107400_1,,"19楼  恭喜宝妈接健康宝宝 2017年6月12日 回复 希望 宝宝1个月  20楼  是男宝的话我也沾沾喜气接个男宝, 2017年6月12日 回复 1...",接男宝,http://www.mmbang.com/bang/646/24107400_1 2020-11-10,,,
"二胎B超确定是儿子,看来孕囊数据是准的,附上症状大家交流参考...",http://www.mmbang.com/bang/579/6084493,,",会成功的!!! 说真的,我下载妈妈帮App后,学到了很多东西,建议你也试试,里面有很有经验丰富的宝妈都在妈妈帮App上分享自己的育儿心得体会,还有很多专业医...",接男宝,http://www.mmbang.com/bang/579/6084493 2020-11-11,http://www.mmbang.com/bang/579/6084493,"http://t10.baidu.com/it/u=3638559462,2797015845&fm=218&app=92&f=PNG?w=121&h=75&s=9598AF7716B4579EA13BE44C030030E7",
"计划37周+4迎接宝宝出来了,宝妈们,这 - 2020年11月预产期帮 - 妈 ...",https://www.mmbang.com/bang/697/38958310,,"计划37周+4迎接宝宝出来了,宝妈们,这 计划37周+4迎接宝宝出来了,宝妈们,这个时间算早吗...",,www.mmbang.com/bang/697/38958... 2020-11-1,,,
"报喜了,顺产宝, - 2016年5月妈妈帮 - 妈妈帮",http://www.mmbang.com/bang/606/17425620,男宝,"2016年5月19日 回复  爱的宝贝初体验 宝宝5个月 211楼  恭喜宝妈, 2016年5月19日 回复  查看全部214条评论 大家都在看LOOK 发动了 见红肚子痛,现在...",接男宝,http://www.mmbang.com/bang/606/17425620 2020-11-9,http://www.mmbang.com/bang/606/17425620,"http://t7.baidu.com/it/u=1119553225,1074287480&fm=85&app=92&f=JPEG?w=121&h=75&s=1920703343336736526851DF010080B0",
"报喜了,8号半夜12点半破水,下午刨腹产男孩,8斤,孕期所有症状全是...",http://www.mmbang.com/bang/604/16912672,,"2016年4月11日 回复  忧郁的小羊K 宝宝6个月 81楼  接二胎男孩 宝妈别发愁这个情况我也遇到过,当时多亏了妈妈帮的专家给了我解答,有不少宝妈和我一...",接男宝,http://www.mmbang.com/bang/604/16912672 2020-11-9,,,
报喜了 剖腹产6.1斤宝 10.5号 - 2020年10月预产期帮 - 妈妈帮,https://www.mmbang.com/bang/696/38691712,男宝,"报喜了 剖腹产6.1斤男宝宝 10.5号的预产期 提前破水剖了 的来 跟达人妈妈学辅食,入群有礼!添加mmbang678为好友,回复【养育】即可入群~ 印江土家族...",接男宝,www.mmbang.com/bang/696/38691... 2020-11-8,https://www.mmbang.com/bang/696/38691712,"http://t9.baidu.com/it/u=1280429902,1837214871&fm=218&app=2&f=JPEG?w=121&h=75&s=A9704B9062336F80710094CF0300A063",
"秒顺一枚!生产时宝宝头被卡住,改变用力方法后宝宝很快就出来了...",https://www.mmbang.com/bang/625/22376815,男宝,回复 鲜花  举报  保存到:  糖豆变麻麻  13楼2016-11-30 20:11 恭喜!好干净的宝宝  回复 鲜花  举报  保存到:  丽丽爱老梁  14楼2016-11-30...,接男宝,www.mmbang.com/bang/625/22376... 2020-11-6,https://www.mmbang.com/bang/625/22376815,"http://t9.baidu.com/it/u=3441073633,4131960391&fm=85&app=92&f=JPEG?w=121&h=75&s=93A867EA0001875D1028392F0300C0C0",
有满月了娘家爸妈要来接宝宝回去的风俗吗? - 2013年3月出生帮...,http://www.mmbang.com/bang/508/1216137,,"我家,体重29,身高88,胖宝宝,一直用名人宝宝的,但最近爱趴着睡,所以每天都漏尿,也不知道是不是买到仿品了,想给孩子换纸尿裤,要拉拉裤那种样式的,性价比高...",男宝,http://www.mmbang.com/bang/508/1216137 2020-11-11,,,
"38周羊水少,直接抓进去。放置球囊,催产,无侧切顺产一枚",http://www.mmbang.com/bang/451/15453324,男宝,"听我的,建议你也下载一个妈妈帮App,以前很多事情我也不会处理。在这里有很多有经验的妈妈互相帮助,教会我如何处理家庭关系,还有很多非常专业的孕育知识,现在...",接男宝,http://www.mmbang.com/bang/451/15453324 2020-11-12,http://www.mmbang.com/bang/451/15453324,"http://t9.baidu.com/it/u=1401205363,2425699197&fm=218&app=92&f=JPEG?w=121&h=75&s=1AE4E10454232517D810719003008089",
"我的宝宝昨天出院了,我是第一个接宝宝的, - 2020年6月预产期帮 - 妈 ...",https://www.mmbang.com/bang/689/37669442,,"我的宝宝昨天出院了,我是第一个接宝宝的, 我的宝宝昨天出院了,我是第一个接宝宝的,正好去医院拆刨腹产的线,看到宝宝,感觉自己的母爱泛滥怎么看都好看,嘻嘻,...",,www.mmbang.com/bang/689/37669... 2020-10-28,https://www.mmbang.com/bang/689/37669442,"http://t9.baidu.com/it/u=1835451261,1856498649&fm=218&app=92&f=JPEG?w=121&h=75&s=B9099D5F58631736098008AF0300702A",
终于确定了 - 2015年9月出生帮 - 妈妈帮,http://www.mmbang.com/bang/591/13651805,男宝,"现在怀孕七个月了,做了B超确定是了,有想接二胎的抓紧了。终于凑了个好字了。 搜索关注【妈妈帮APP】公众号,育儿知识、福利活动、官方微信群,等你来...",男宝,http://www.mmbang.com/bang/591/13651805 2020-11-12,,,男宝
"8周验血,有接必中! - 2016年7月妈妈帮 - 妈妈帮",http://www.mmbang.com/bang/614/15515298,男宝,"恭喜宝妈,接二胎! 说真的,我下载妈妈帮App后,学到了很多东西,建议你也试试,里面有很有经验丰富的宝妈都在妈妈帮App上分享自己的育儿心得体会,还有很多专业医...",男宝,http://www.mmbang.com/bang/614/15515298 2020-11-6,,,
"终于接到二胎健康,谢谢妈妈帮里的宝妈 - 2020年10月预产期帮...",https://www.mmbang.com/bang/696/38946742,男宝,"终于接到二胎健康,谢谢妈妈帮里的宝妈 终于接到二胎健康,谢谢妈妈帮里的宝妈🙏...",男宝,www.mmbang.com/bang/696/38946... 2020-10-30,https://www.mmbang.com/bang/696/38946742,"http://t8.baidu.com/it/u=703539568,2179507374&fm=218&app=2&f=JPEG?w=121&h=75&s=02BB568154127FD61400D9F103008011",男宝
"生了,羊水过少催产顺产,要的来接 - 天津妈妈帮 - 妈妈帮",https://www.mmbang.com/tianjin/bang/25485556,男宝,"生了,羊水过少催产顺产,要的来接 由于第一次产检羊水较少,羊水指数6.4.过了三天复查,羊水指数只有4.1了,医生让住院了。当天打了五小时催产针,毫无反应...",男宝,www.mmbang.com/tianjin/bang/25485... 2020-11-13,,,
"报喜啦,一枚。过来接超快顺产吧! - 2020年10月预产期帮 - 妈 ...",https://www.mmbang.com/bang/696/38938891,男宝,"报喜啦,一枚。过来接超快顺产吧! 报喜啦,一枚。过来接超快顺产吧!哈哈长话短说,早上8点30到医院办好手续,内检已开宫口4厘米了。9点55就生了。超快....",男宝,www.mmbang.com/bang/696/38938... 2020-10-29,https://www.mmbang.com/bang/696/38938891,"http://t9.baidu.com/it/u=2550066873,103459932&fm=218&app=2&f=JPEG?w=121&h=75&s=F13110D37A3B1E1B46B407BC03008007",男宝
接好孕[求] - 优生备孕帮 - 妈妈帮,https://www.mmbang.com/bang/436/38951354,男宝,接好孕[求] 2020-10-30 21:58 来自妈妈帮社区:优生备孕帮 阅读(0) 评论(5) 接好孕 水城县 每天想对宝宝说的话(425853)  0 18  举报 ...,男宝,www.mmbang.com/bang/436/38951... 2020-11-13,https://www.mmbang.com/bang/436/38951354,"http://t9.baidu.com/it/u=314356055,3236476377&fm=218&app=2&f=PNG?w=121&h=75&s=F1934F304302754D084509DD0300D0B2",
"香港验血,今天做了必超百分之90 - 优生备孕帮 - 妈妈帮",https://www.mmbang.com/bang/436/38296419,男宝,"香港验血,今天做了必超百分之90 香港验血,今天做了必超百分之90!希望如愿!诚接腹中健康一枚...",男宝,www.mmbang.com/bang/436/38296... 2020-10-28,,,男宝
"生了,羊水过少催产顺产,要的来接 - 天津妈妈帮 - 妈妈帮",https://m.mmbang.com/coop/tianjin/bang/25485556,男宝,"生了,羊水过少催产顺产,要的来接培养小肉肉 2017年11月01日由于第一次产检羊水较少,羊水指数6.4.过了三天复查,羊水指数只有4.1了,医生让住院了。当天打了...",男宝,m.mmbang.com/coop/tianjin/bang/25485... 2020-11-10,,,
"接顺产,扒扒孕晚期必知产后十件事 - 2016年12月出生帮 - 妈妈帮",http://www.mmbang.com/bang/626/21928903,男宝,"接健康 说真的,我下载妈妈帮App后,学到了很多东西,建议你也试试,里面有很有经验丰富的宝妈都在妈妈帮App上分享自己的育儿心得体会,还有很多专业医生在线解答...",男宝,http://www.mmbang.com/bang/626/21928903 2020-11-6,http://www.mmbang.com/bang/626/21928903,"http://t7.baidu.com/it/u=793599604,1742571807&fm=85&app=92&f=JPEG?w=121&h=75&s=21B45491DC037E575A9044350300A040",
迟来的报喜把好孕和传给宝妈们! - 2015年12月妈妈帮 - 妈妈帮,http://www.mmbang.com/bang/598/15724784,男宝,"迟来的报喜把好孕和传给宝妈们! 12.10号7点06顺产一枚!6斤6两6,侧切了!太疼了!只有自己经历了才知道生孩子的痛!感谢感恩!感谢妈妈帮,接了这...",男宝,http://www.mmbang.com/bang/598/15724784 2020-11-9,http://www.mmbang.com/bang/598/15724784,"http://t8.baidu.com/it/u=1006960545,501736897&fm=85&app=92&f=JPEG?w=121&h=75&s=D45A3AC3ECED993ED94014080300B090",男宝
28号生了一枚 7斤 一儿一女 好开心 宝妈们接棒了! - 小夫妻...,http://www.mmbang.com/bang/451/10572232,男宝,"恭喜恭喜!接宝妈。 宝妈别发愁这个情况我也遇到过,当时多亏了妈妈帮的专家给了我解答,有不少宝妈和我一样之后就一直在上面学习知识了,你也可以去试试,下载【...",男宝,http://www.mmbang.com/bang/451/10572232 2020-11-11,,,
"果真是女宝肚,鸡蛋肚,孕期一直以为, - 2019年3月出生帮 - 妈妈...",https://www.mmbang.com/bang/670/30830223,男宝,"果真是女宝肚,鸡蛋肚,孕期一直以为, 果真是女宝肚,鸡蛋肚,孕期一直以为,症状全是,胎动拳打脚踢,孕晚期屎多,一天三次,没怀孕之前便秘,一直没有接...",男宝,www.mmbang.com/bang/670/30830... 2020-10-28,https://www.mmbang.com/bang/670/30830223,"http://t7.baidu.com/it/u=115076066,1352256454&fm=85&app=92&f=JPEG?w=121&h=75&s=819010DD461041C60981A9FA03001032",男宝
一枚 - 2014年2月出生帮 - 妈妈帮,http://www.mmbang.com/bang/567/2861755,男宝,"再次确认是,亲眼看到宝宝的小jj了,想要的宝妈们进来接捧咯最新回复NEW 婷婷87o 宝宝7个月 148楼  接! 2014年2月25日 回复  雪莉!茶丽 宝宝8个月 ...",男宝,http://www.mmbang.com/bang/567/2861755 2020-11-12,,,男宝
喜欢宝的接棒拉! - 2014年4月妈妈帮 - 妈妈帮,http://www.mmbang.com/bang/570/3115876,男宝,"神马胎动,妊娠线,清宫图,看肚肚大小,还有那49+虚岁神马的都是浮云种种种种现象都是女孩,今天b超,宝一枚,我和老公都喜欢,这下如愿啦!虽然宝宝一开始不...",男宝,http://www.mmbang.com/bang/570/3115876 2020-11-8,,,男宝
"昨天做四围了,是,不知道准不准 - 小夫妻 - 妈妈帮",http://www.mmbang.com/bang/451/9440654,男宝,"接健康,传给我吧 2014年11月11日 回复  小暄麻麻 宝宝4个月 2楼  接健康儿棒 听我的,建议你也下载一个妈妈帮App,以前很多事情我也不会处理。在这...",男宝,http://www.mmbang.com/bang/451/9440654 2020-11-6,,,男宝
承接腹中健康 - 斯利安生男生女 - 妈妈帮,https://www.mmbang.com/bang/620/24625472,男宝,"承接腹中健康 大宝女孩,希望能凑个“好”字也能满足长辈们的心愿。先在怀孕初期压力好大每天没胃口吃不下也喝不下,为了腹中胎儿只能勉强自己吃,吃多一点就...",男宝,www.mmbang.com/bang/620/24625... 2020-11-7,,,
4月20的报喜了、今天中午生的一枚 - 2015年4月妈妈帮 - 妈妈帮,http://www.mmbang.com/bang/585/12448376,男宝,4月20的报喜了、今天中午生的一枚 宝宝只有5.7斤、有点小、但是各个方面都很正常、健康要接的宝妈赶快...,男宝,http://www.mmbang.com/bang/585/12448376 2020-11-10,,,男宝
...说是男孩、有没有机会翻盘、真希望是闺女、要的接走、我想要女...,https://www.mmbang.com/bang/620/25399543,男宝,怀孕24周昨天去查了B超说是男孩、有没有机会翻盘、真希望是闺女、要的接走、我想要女宝、 翻盘、翻盘、翻盘、希望各路神仙保佑我、满足我这个小小的心愿...,男宝,www.mmbang.com/bang/620/25399... 2020-11-4,https://www.mmbang.com/bang/620/25399543,"http://t8.baidu.com/it/u=4256111769,3812986800&fm=85&app=92&f=JPEG?w=121&h=75&s=31B15B9546524FD006AD25F90300A032",
...说是男孩、有没有机会翻盘、真希望是闺女、要的接走、我想要女...,https://www.mmbang.com/bang/620/25399543,男宝,怀孕24周昨天去查了B超说是男孩、有没有机会翻盘、真希望是闺女、要的接走、我想要女宝、 翻盘、翻盘、翻盘、希望各路神仙保佑我、满足我这个小小的心愿...,男宝,www.mmbang.com/bang/620/25399... 2020-11-4,https://www.mmbang.com/bang/620/25399543,"http://t8.baidu.com/it/u=4256111769,3812986800&fm=85&app=92&f=JPEG?w=121&h=75&s=31B15B9546524FD006AD25F90300A032",
唐氏筛查过关啦+B超。大家快来接! - 2016年8月出生帮 - 妈妈帮,http://www.mmbang.com/bang/615/16630730,男宝,"唐氏筛查过关啦+B超。大家快来接! 还做了叶酸,不过关,要每天吃两片+维生素B12。钙铁锌,铁蛋白偏高不用补了。微量元素测试过关。这几项+唐氏,花了369...",男宝,http://www.mmbang.com/bang/615/16630730 2020-11-10,,,
结果单子显示是喔!Yeach! - 广西妈妈帮 - 妈妈帮,https://m.mmbang.com/coop/guangxi/bang/24788938,男宝,"结果单子显示是喔!Yeach! 如愿了如愿了!终于接到宝了。打从结婚生子婆婆就一直急着宝男孙,好不容易已生了头胎,想让他多带带孙子少唠叨来着,结果头胎....",男宝,m.mmbang.com/coop/guangxi/bang/24788... 2020-11-12,,,男宝
"宝宝,你真的是男孩子吗,上次发帖后,几乎 - 2020年9月预产期帮 - 妈 ...",https://www.mmbang.com/bang/695/37727188,,"2楼 *平*: 妈妈喜欢,女宝爸爸疼也不错。 回复 鲜花3 举报  💋 💋 💋hwH0B 5楼2020-06-15 08:41  诚接腹中宝宝四维大排畸顺利通过  回复 鲜花...",男宝,www.mmbang.com/bang/695/37727... 2020-10-28,https://www.mmbang.com/bang/695/37727188,"http://t11.baidu.com/it/u=1411070533,1986781141&fm=218&app=92&f=JPEG?w=121&h=75&s=8B0B93455C5F92CC0E95395E0300E051",
35周+B超查出来是!有没有翻盘的!跪求男翻女! - 斯利安生男生...,http://www.mmbang.com/bang/620/31098239,男宝,35周+B超查出来是!有没有翻盘的!跪求男翻女! 要的接走!老天赐我女宝!要的接走!老天赐我女宝...,男宝,http://www.mmbang.com/bang/620/31098239 2020-11-13,,,男宝
"今天b超查是女宝,都26周了还能翻盘吗,要女宝的接走,传我!",https://www.mmbang.com/bang/620/29309114,男宝,"今天b超查是女宝,都26周了还能翻盘吗,要女宝的接走,传我! 好失望好难过,头胎女孩二胎今天查又是女宝,还能翻盘吗,有没有26周查了翻盘的给我点希望!求女....",男宝,www.mmbang.com/bang/620/29309... 2020-11-12,,,
"报喜啦,顺产6.6斤。 - 2016年12月妈妈帮 - 妈妈帮",http://www.mmbang.com/bang/626/22621330,男宝,"生孩子简直是生不如死啊。想要的来接吧。 搜索关注【妈妈帮APP】公众号,育儿知识、福利活动、官方微信群,等你来报到!最新回复NEW 妮娃娃1 宝宝4个月 21楼...",男宝,http://www.mmbang.com/bang/626/22621330 2020-11-10,,,
"报喜啦,宝妈凡有接必中 - 2016年11月妈妈帮 - 妈妈帮",http://www.mmbang.com/bang/625/22094974,,"报喜啦,宝妈凡有接必中 顺产6.2斤一枚。深度撕裂几个医师缝合了3个多小时,痛苦死我了,医生最后还说喔挺坚强,气势我还并没有做好准备就和宝宝见面了...",男宝,http://www.mmbang.com/bang/625/22094974 2020-11-9,,,
报喜了!大家快来接 - 2014年12月妈妈帮 - 妈妈帮,http://www.mmbang.com/bang/580/9914642,,"接健康 宝妈别发愁这个情况我也遇到过,当时多亏了妈妈帮的专家给了我解答,有不少宝妈和我一样之后就一直在上面学习知识了,你也可以去试试,下载【妈妈帮】 ...",男宝,http://www.mmbang.com/bang/580/9914642 2020-11-8,,,
"想要女宝的我不能如愿了,这辈子注定婆婆命 - 斯利安生男生女...",http://www.mmbang.com/bang/620/26411503,,"想要女宝的我不能如愿了,这辈子注定婆婆命 妈妈帮接了这么多女宝,今天去查了确定是了!一胎儿子又来一个儿子,心情郁闷极了...",男宝,http://www.mmbang.com/bang/620/26411503 2020-11-12,,,
"想要女宝的我不能如愿了,这辈子注定婆婆命 - 斯利安生男生女...",http://www.mmbang.com/bang/620/26411503,,"想要女宝的我不能如愿了,这辈子注定婆婆命 妈妈帮接了这么多女宝,今天去查了确定是了!一胎儿子又来一个儿子,心情郁闷极了...",男宝,http://www.mmbang.com/bang/620/26411503 2020-11-12,,,
"37周见红肚子痛,当天诞下一枚,接棒喔 - 2013年7月出生帮...",http://www.mmbang.com/bang/544/1583174,男宝,"棒咯。我也好期待我的宝宝。好好坐月子哦 2013年6月14日 回复  yangsi515 宝宝4个月 362楼  好快啊,这么早发动,羡慕啊,希望我家也早点发动 听我的...",接男宝,http://www.mmbang.com/bang/544/1583174 2020-11-9,,,
"接了这么久的健康,接到了。六周验血如 - 优生备孕帮 - 妈妈帮",https://www.mmbang.com/bang/436/38064464,男宝,"接了这么久的健康,接到了。六周验血如 接了这么久的健康,接到了。六周验血如愿,感谢菩萨保佑🙏宝贝,等待你健健康康来到妈妈身边...",男宝,www.mmbang.com/bang/436/38064... 2020-11-7,https://www.mmbang.com/bang/436/38064464,"http://t8.baidu.com/it/u=1701446231,387951066&fm=85&app=92&f=PNG?w=121&h=75&s=A052CC32353AC0295CEDF0CA0300C0B1",男宝
3月10号剖 - 2016年3月妈妈帮 - 妈妈帮,http://www.mmbang.com/bang/601/16569079,男宝,"3月10号预产期,产检胎心过快医生要求剖,于3月10号20点07分剖7斤半一个。麻药过后超痛。要接的赶紧! 搜索关注【妈妈帮APP】公众号,育儿知识、福利活动、...",男宝,http://www.mmbang.com/bang/601/16569079 2020-11-9,,,
"超快顺产一枚,快点来接喽! - 2016年11月妈妈帮 - 妈妈帮",http://www.mmbang.com/bang/625/22129208,男宝,"超快顺产一枚,快点来接喽! 二胎,超快顺产,儿女双全了,开心😊,祝姐妹们也都心想事成...",男宝,http://www.mmbang.com/bang/625/22129208 2020-11-9,,,男宝
"b超,希望接下来的所有检查一次顺利通 - 优生备孕帮 - 妈妈帮",https://www.mmbang.com/bang/436/39052537,男宝,"b超,希望接下来的所有检查一次顺利通 b超,希望接下来的所有检查一次顺利通过,平安生下健康...",男宝,www.mmbang.com/bang/436/39052... 2020-11-13,,,男宝
"有没有宝妈在nt时候心率是160+的,后面生下来是的,想接健康...",https://www.mmbang.com/ask/q2233033,男宝,"我nt时候胎心率176.,后面一直是142.  冉宝妈💐 2019-03-29 21:29  我检查NT的时候就是,胎心率169,现在怀孕七个月了,不知道男女  EscZ173X 2019-03...",男宝,www.mmbang.com/ask/q2233... 2020-11-11,,,
"26周b超,医生说是!求翻盘! - 2015年11月出生帮 - 妈妈帮",http://www.mmbang.com/bang/596/14324213,男宝,"接健康。 说真的,我下载妈妈帮App后,学到了很多东西,建议你也试试,里面有很有经验丰富的宝妈都在妈妈帮App上分享自己的育儿心得体会,还有很多专业医生在线解...",男宝,http://www.mmbang.com/bang/596/14324213 2020-11-12,,,
"报喜了,报喜了,接好孕棒好灵哦。 - 长沙妈妈帮 - 妈妈帮",http://www.mmbang.com/changsha/bang/7753730,,"报喜了,报喜了,接好孕棒好灵哦。 8月28剖腹产健康一枚,重六斤六两。之前接了健康,嘻嘻…结果就是皆大欢喜。因为第一胎是女孩,想凑成个好字。还在...",男宝,http://www.mmbang.com/changsha/bang/7753730 2020-11-11,http://www.mmbang.com/changsha/bang/7753730,"http://t7.baidu.com/it/u=2590772141,2141144335&fm=85&app=92&f=PNG?w=121&h=75&s=BDC768971A5252CC2A052CEF0300E02A",男宝
"6月1号,刨腹产,宝,6斤,凑成好字 - 2020年6月预产期帮 - 妈妈帮",https://www.mmbang.com/bang/689/37622470,男宝,"6月1号,刨腹产,宝,6斤,凑成好字 6月1号,刨腹产,宝,6斤,凑成好字啦!整个怀孕期都在帮里接健康,姐姐喊了十个月的妹妹,结果生下得是弟弟,想...",男宝,www.mmbang.com/bang/689/37622... 2020-11-8,https://www.mmbang.com/bang/689/37622470,"http://t7.baidu.com/it/u=2982761527,1425923645&fm=85&app=92&f=JPEG?w=121&h=75&s=71009B1996724B968C8D7CE10300E016",男宝
昨天B超说是女娃!求女翻男! - 斯利安生男生女 - 妈妈帮,http://www.mmbang.com/bang/620/25291726,,"昨天B超说是女娃!求女翻男! 昨天找熟人看了一下,说是女娃,不是重男轻女,有女娃就想男娃,有男娃就想女娃。希望翻盘,喜欢女宝的接走,换健康...",男宝,http://www.mmbang.com/bang/620/25291726 2020-11-8,,,
"撒好孕了,,我这是第二胎了,希望是个 呵呵 - 优生备孕帮...",http://www.mmbang.com/bang/436/4284359,男宝,"接宫内好孕棒!我也是备孕二胎想生,凑个好字! 6楼:期待小宝马、、、568 我也是二胎,刚查出怀孕。 2014年3月12日 回复  佑孩弟 备孕 19楼  亲,测的是...",男宝,http://www.mmbang.com/bang/436/4284359 2020-11-8,http://www.mmbang.com/bang/436/4284359,"http://t7.baidu.com/it/u=2502954126,2098139056&fm=85&app=92&f=JPEG?w=121&h=75&s=AC47CB4E69C8836C42C93D9B0300C080",
"退五月帮了,五月三号的宝妈们来接顺产羊仔 - 2015年5月妈妈帮...",http://www.mmbang.com/bang/586/12584770,,"退五月帮了,五月三号的宝妈们来接顺产羊仔 今天下午六点三十六分顺产,孩子我爱你们...",男宝,http://www.mmbang.com/bang/586/12584770 2020-11-9,,,
"22号预产期,21号晚1:43分破水,22号上午10:34顺产, - 2014年11...",http://www.mmbang.com/bang/579/9774408,男宝,"接……21号预产期、还没动静、接发动、接顺产、接健康、恭喜宝妈。 说真的,我下载妈妈帮App后,学到了很多东西,建议你也试试,里面有很有经验丰富的宝妈...",接接,http://www.mmbang.com/bang/579/9774408 2020-11-11,http://www.mmbang.com/bang/579/9774408,"http://t9.baidu.com/it/u=1755040369,1970894638&fm=85&app=92&f=JPEG?w=121&h=75&s=A6925EC95013FE67040CF11B030050C0",男宝
"今天根据清宫表预测,我肚子里的宝宝99% - 优生备孕帮 - 妈妈帮",https://www.mmbang.com/bang/436/39046835,,"今天根据清宫表预测,我肚子里的宝宝99% 今天根据清宫表预测,我肚子里的宝宝99%是好孕菩萨保佑我孩子!😃🙏🙏🙏我也要测生男生女...",男宝接,www.mmbang.com/bang/436/39046... 2020-11-12,https://www.mmbang.com/bang/436/39046835,"http://t7.baidu.com/it/u=1299424074,3827553827&fm=218&app=2&f=JPEG?w=121&h=75&s=8DA6E5174B9043E3D3F1B4D70300D0A0",
3.17预产期的宝妈来报喜了! - 2016年3月妈妈帮 - 妈妈帮,http://www.mmbang.com/bang/601/16553482,,"今天零晨12点25顺产我家小豆豆健康一枚!很娇傲!有人接吗? 搜索关注【妈妈帮APP】公众号,育儿知识、福利活动、官方微信群,等你来报到!",男宝,http://www.mmbang.com/bang/601/16553482 2020-11-9,,,
"7月12的预产期,结果推迟到7月25才生 - 2018年7月出生帮 - 妈妈帮",http://www.mmbang.com/bang/661/28547953,,"恭喜,接健康在我腹中 说真的,我下载妈妈帮App后,学到了很多东西,建议你也试试,里面有很有经验丰富的宝妈都在妈妈帮App上分享自己的育儿心得体会,还有很多专...",男宝,http://www.mmbang.com/bang/661/28547953 2020-11-12,http://www.mmbang.com/bang/661/28547953,"http://t7.baidu.com/it/u=902037511,1480667449&fm=218&app=92&f=JPEG?w=121&h=75&s=229011CD56462B4F129CA51E0100C0F3",
"报喜了,来还愿,37+3喜得米奇一枚,一 - 2020年6月预产期帮 - 妈妈帮",https://www.mmbang.com/bang/689/37747960,,"报喜了,来还愿,37+3喜得米奇一枚,一 报喜了,来还愿,37+3喜得米奇一枚,一直在这里面接的,如今终于儿女双全了孕期症状喜酸不喜辣,胎心150到130...",男宝,www.mmbang.com/bang/689/37747... 2020-11-8,https://www.mmbang.com/bang/689/37747960,"http://t7.baidu.com/it/u=496611015,610833605&fm=218&app=92&f=JPEG?w=121&h=75&s=51609255D2197E7F1AB8C1A403006003",
"昨天做梦梦到宝宝四维照了,今天 - 2016年12月出生帮 - 妈妈帮",http://www.mmbang.com/bang/626/18455047,,接二胎 2016年9月12日 回复  等等小猴子🐒 宝宝9个月 75楼  接健康。 2016年9月12日 回复  菩提莲心 宝宝10个月 74楼  恭喜宝妈! 宝妈别发愁这...,男宝,http://www.mmbang.com/bang/626/18455047 2020-11-12,http://www.mmbang.com/bang/626/18455047,"http://t8.baidu.com/it/u=1690890600,1736788336&fm=85&app=92&f=JPEG?w=121&h=75&s=87BA76845803A45D157448A1030070C0",男宝
"感谢老公,成功接到了 - 荆州妈妈帮 - 妈妈帮",https://www.mmbang.com/jingzhou/bang/38977397,男宝,"感谢老公,成功接到了 感谢老公的支持,和老公备孕了两个月,抽血终于让我接到一枚了,没有白费我们的努力啊,现在6周多了,加油加油...",男宝,www.mmbang.com/jingzhou/bang/38977... 2020-11-3,https://www.mmbang.com/jingzhou/bang/38977397,"http://t7.baidu.com/it/u=576842582,3571702415&fm=218&app=2&f=JPEG?w=121&h=75&s=5D88BE564E27570D0814B14F0000D061",男宝
"终于做了这个决定,让我接到一枚了 - 惠州妈妈帮 - 妈妈帮",https://www.mmbang.com/huizhou/bang/39042680,男宝,"终于做了这个决定,让我接到一枚了 三胎压力大,想要生个,老公不让我抽血,说让我看开点,他拗不过我,我检测要去,还好,已经如愿了,接到了...",男宝,www.mmbang.com/huizhou/bang/39042... 2020-11-12,,,男宝
"跪求儿女双全,诚接腹中是健康出生 - 2020年11月预产期帮...",http://www.mmbang.com/bang/697/39055393,男宝,"跪求儿女双全,诚接腹中是健康出生🙏🙏🙏🙏🙏🙏  方城县 妈妈帮祈福许愿楼(146) 最新回复NEW 亲,快来抢沙发~ 请先登录 或注册...",男宝,http://www.mmbang.com/bang/697/39055393 2020-11-13,,,
"来了,压力不用那么大了 - 清远妈妈帮 - 妈妈帮",https://www.mmbang.com/qingyuan/bang/39046499,男宝,"男宝来了,压力不用那么大了 现在6周多了,一枚,你的到来,让我如此惊喜,终于压力不用那么大了,给你们接了...",接男宝,www.mmbang.com/qingyuan/bang/39046... 2020-11-12,https://www.mmbang.com/qingyuan/bang/39046499,"http://t7.baidu.com/it/u=1842614812,3130455660&fm=218&app=2&f=JPEG?w=121&h=75&s=BDA5D910862E5F0F783D54C90100A0E0",
"二胎又是,强大的孕,缝接必中! - 优生备孕帮 - 妈妈帮",http://www.mmbang.com/bang/436/39051781,男宝,"二胎又是,强大的孕,缝接必中! 二胎又是,强大的孕,缝接必中!一胎,二胎今天再次确认。还没有结婚前妈妈就说给我算命说我一肚子的儿子,...",男宝,http://www.mmbang.com/bang/436/39051781 2020-11-13,,,男宝