rs-line,rs-line href,rs-line 2,rs-line 3,rs-line 4,rs-line 5,rs-line 6,time,answer,rs-line 7,rs-line 8
B超有没有的情况？15周5天,https://baobao.baidu.com/question/2413faa269371cebdac97b9e3948ebac.html,女,翻,男,孕周16，实际15周5天，今天好奇去做了B超，医生看了大半天说看不清，位置不好，说是孩子背和屁股对着她，让我出去转了15分钟，回来还是背对着。说看不到孩子特征，但是也不敢确定，让我十天以后再去看。(,男,2020年11月04日,1个回答,,
四个多月b超 几率大吗？,https://baobao.baidu.com/question/42eb3534222876abed14e3ffcd6d01e2.html,男,翻,女,今天做b超，医生说是孩，还会不会有盘的可能？四个多月看性别准确率很高吧？,男,2020年09月04日,25个回答,翻,
有没有的可能啊,https://baobao.baidu.com/question/3fc9498774381d4ecf1bcb656aff87aa.html,男,翻,女,孕27周彩超说是宝，真希望可以盘。跪求,男,2020年08月02日,8个回答,翻,
怀孕19周B超孩，有没有宝宝的？,https://baobao.baidu.com/question/60684c8abfa6ed9184f56fd479041704.html,男,男,翻,有宝宝的亲吗？都来留下脚印吧！看看有好多！,男,2020年07月15日,2个回答,翻,女
有的没有！！！,https://baobao.baidu.com/question/ea28d5c702b873cf9b0d5ac875e5779f.html,男,翻,女,,,2020年07月15日,2个回答,,
有没有的例子呀？,https://baobao.baidu.com/question/e98186bf336eb04d006de2cc51bd3bd0.html,男,翻,女,,,2020年07月15日,4个回答,,
14周B超检查，是儿，有盘的吗？已经有两个儿、。求。,https://baobao.baidu.com/question/b8e88262735383fb90c333cea4358288.html,女,翻,女,,,2020年06月19日,3个回答,,女
二胎怀孕20周检查孩，不知道准不准？希望！,https://baobao.baidu.com/question/abf860e094dbb9332b62dec37e0785e9.html,女,女,翻,,,2020年06月19日,0个回答,,男
菩萨保佑，愿我能，生个健康的孩，凑个好字,https://baobao.baidu.com/question/374dfe81a78113f6f1a18ad9331f536f.html,女,翻,男,,,2019年02月28日,4个回答,,男
祈祷成功,https://baobao.baidu.com/question/3fddee79d00d2f59db7dac55c20ad38b.html,男,翻,女,,,2020年05月14日,0个回答,,
26周,https://baobao.baidu.com/question/17d1b5cde1f7d6b9aab26b1e07f803c1.html,女,翻,男,我21周的时候去看4维说是宝！算命的都说我的是宝 😂2胎求 保佑🙏,女,2020年04月11日,0个回答,女,
21周三维的吗？,https://baobao.baidu.com/question/e11dffd7c389b952d142aa671414b529.html,女,翻,男,现在孕22周多，21周加3做四维说是闺，多希望呀，大宝是闺，有做三维的吗？我做梦还梦见生孩，我老公说梦是相反的，大宝当时做梦梦见是生孩的，现在天天有点焦虑，多希望肚子里是宝呀，儿,女,2020年04月08日,0个回答,女,
的多吗？检查两次都是孩，希望,https://baobao.baidu.com/question/efdca19e57054e4a3800c8ebf27cf569.html,男,翻,女,,,2020年03月28日,0个回答,女,男
2019有的吗,https://baobao.baidu.com/question/0d1b4324fccf64f6834ce4e0ea20bd72.html,女,翻,男,,,2020年03月05日,0个回答,,
双胞胎双绒双羊，六个月B超俩孩，跪求，想要儿🙏,https://baobao.baidu.com/question/6e22e2ab76ee23304dc496a6e52a7569.html,男,男,翻,双胞胎双绒双羊，六个月B超俩孩，跪求，想要儿🙏。祈求能盘，想要儿，俩儿都愿意🙏,男,2020年02月27日,4个回答,男,女
怀孕5个月B超检查是孩，我想要一个娃，这种的可能大不,https://baobao.baidu.com/question/e15e986610a794152edf66067110766f.html,男,女,男,,,2020年02月23日,5个回答,,翻
谁要宝，求接走，给我宝，希望,https://baobao.baidu.com/question/1e166bc86b87aae8d1fd9b9b09803f02.html,男,女,男,老大孩，想要个儿，这一胎好不容易要上，现在四个月查是孩，他爸不想要，我舍不得流，希望,男,2020年02月16日,0个回答,女,翻
有机会吗,https://baobao.baidu.com/question/30c9609dfd2d2e90ed1eb099c8e2dfa2.html,女,翻,男,,,2019年12月25日,0个回答,,
五个月照四维说是孩 想凑个好字 会吗,https://baobao.baidu.com/question/cc5ec5d2beab48e8408e7d9e7b06d562.html,女,女,翻,,,2019年12月25日,0个回答,,男
b超显示是，请问能吗？,https://baobao.baidu.com/question/9df1fc19e5aac6ca0948e0e58ece838c.html,男,男,翻,,,2019年12月20日,0个回答,,女
几率大吗,https://baobao.baidu.com/question/6d8be66f93eb44902c1f5b88f9f2e341.html,女,翻,男,,,2019年12月12日,0个回答,,
B超查宝，顺产是宝，成功。,https://baobao.baidu.com/question/58e00f28a9288ba5a1658214fc183fbe.html,女,男,女,,,2019年12月11日,2458个回答,,翻
33周照B超会吗,https://baobao.baidu.com/question/8591be64c774d26dadc7fa5cc35963dc.html,女,翻,男,,,2019年11月09日,4个回答,,
跪求宝一枚，求,https://baobao.baidu.com/question/356252ba2931b6b190fe9812f01bab4d.html,女,男,翻,,,2019年10月25日,1个回答,,女
希望我能♀♀♀,https://baobao.baidu.com/question/675e04ec44cea5ca5e1c794fb1953705.html,男,翻,女,,,2019年10月24日,1个回答,,
15周有的几率么？,https://baobao.baidu.com/question/c249d53604e5b2f8d65d8bf440bed7a7.html,女,翻,男,求，二胎特别想要儿双全,女,2019年10月21日,0个回答,翻,
，可能性大吗？24周左右看的，看到大腿中间有圆圆的亮点,https://baobao.baidu.com/question/b9534c8e441c694b2aaeb044cd57cdfe.html,男,翻,女,，可能性大吗？24周左右看的，看到大腿中间有圆圆的亮点,男,2019年10月14日,0个回答,翻,
真心跪求,https://baobao.baidu.com/question/a057b7aa3e09a7104c48fd4f1814e0d4.html,女,翻,男,5个月B超是孩。真心跪求菩萨保佑🙏🙏🙏🙏🙏🙏🙏🙏🙏🙏🙏🙏🙏🙏🙏🙏🙏🙏🙏🙏🙏🙏🙏🙏🙏🙏🙏🙏🙏🙏🙏🙏🙏🙏🙏🙏🙏🙏🙏🙏🙏🙏🙏🙏🙏🙏🙏🙏🙏🙏🙏🙏🙏,女,2019年09月26日,57个回答,女,
有没有的,https://baobao.baidu.com/question/3d7f2318be2d8f081da8bf82829fdeef.html,男,翻,女,几次B超都是孩，四维说是孩,男,2019年09月16日,54个回答,男,
跪求,https://baobao.baidu.com/question/e76b19522db15360cfe0d1ce89e0354e.html,男,翻,女,跪求，我怀孕五个月检查了三次，都说是孩，这是第二胎，第一胎是孩。我想要个孩，怀孕五个月我一直觉得是孩，现在我天天苦恼，每次做完b超我都难过还几天，都想做掉，我没勇气去做掉，因为我害怕，所,男,2019年09月06日,74个回答,翻,
，准了，小公主还是小王子 有2个数值就可以明白，进入讨论吧,https://baobao.baidu.com/question/c76fe1cad86d5d252d8aabcd5bb6762e.html,女,翻,男,出生年月日（农历） 末次月经 月日（农历）预产期阳历日子 四维一张 没有也没关系,,2019年09月04日,1个回答,,
成功,https://baobao.baidu.com/question/441939ed885ffaa342f5694e1044eb55.html,男,翻,女,以前查过宝，9月23预产期，9月19顺产宝一个,男,2019年09月02日,12个回答,女,
她们说，二胎是什么意思,https://baobao.baidu.com/question/494f738737fa03356a29643d1089a907.html,女,翻,男,,,2019年08月30日,1个回答,,
能实现吗？,https://baobao.baidu.com/question/cf6275521e1211e8cca15c552e561ee5.html,女,翻,男,不到九十天查的像孩还能盘吗？拼三了伤不起啊！心情差死了,女,2019年08月29日,1个回答,翻,
有没有的,https://baobao.baidu.com/question/dc6aed90054269d380ef83d8a78010bb.html,女,翻,男,三个月多几天，小诊所B超是孩，准吗，还有盘的机会吗？一胎宝，二胎想要宝！,女,2019年08月28日,1个回答,翻,
祈求菩萨保佑我腹中二胎成功,https://baobao.baidu.com/question/95302972a720413c722afce4d488810e.html,男,翻,女,,,2019年08月26日,11个回答,,
这是，还有可能吗？,https://baobao.baidu.com/question/ed02774ab42a9d93db4e5eed1af34270.html,男,翻,女,16周＋b超显示生殖器有亮点，医生说是宝宝，23周+看四维医生说是宝宝，26周也说是三条线，这是为什么？是一开始就看错了吗？还是胎发育慢？,男,2019年08月26日,1个回答,女,女
b超,https://baobao.baidu.com/question/dbeaf136a9a9c7c32151c8a3c63a10e8.html,男,翻,女,,,2019年08月23日,0个回答,,
b超机率大吗,https://baobao.baidu.com/question/397b50df145535915b6be659dfd5fcb2.html,男,翻,女,,,2019年08月08日,0个回答,,
跪求菩萨保佑我，有接宝的吗,https://baobao.baidu.com/question/a418efa5db8be780ed9b018e8b59b8a1.html,女,翻,男,,,2019年08月07日,17个回答,,女
愿腹中，望儿双全,https://baobao.baidu.com/question/88a7b2038d74fbf7130c5fbdc9b86ffe.html,女,翻,男,,,2019年08月04日,24个回答,,女
16周B超检查说是宝，希望能。,https://baobao.baidu.com/question/dba0f9ef4c322fde4d7fc5108f648245.html,女,女,翻,,,2019年08月01日,31个回答,,男
有没人四维的？,https://baobao.baidu.com/question/3b50955b74161dafdc48f2b5dcaf358e.html,女,翻,男,,,2019年07月09日,1个回答,,
，能成功吗,https://baobao.baidu.com/question/cad7fb6583c350b7601c834948fa4455.html,女,翻,男,24周，做B超说是娃，二胎想要个娃，能成功么？,女,2019年07月03日,3个回答,男,
检查了是又是个孩，心情抑郁了，有没有的可能,https://baobao.baidu.com/question/663a9104349568c69fe26ec3532bc5bc.html,男,男,翻,,,2019年06月28日,0个回答,,女
6个月做彩超是孩，求,https://baobao.baidu.com/question/67360b13f7552f4ac632836bf752c6f1.html,女,女,翻,,,2019年05月05日,42个回答,,男
24周做彩超说是孩，能不能。好想要一个宝宝。,https://baobao.baidu.com/question/2555bf7397c90d770a81fe48d6fcc234.html,女,女,翻,,,2019年06月14日,3个回答,,男
上天保佑我腹中是宝一枚，希望成功，希望腹中宝宝健康平安，希望送子观音娘娘,https://baobao.baidu.com/question/ce77b7092c93b7689d90db87ce2c2a3b.html,男,女,翻,,,2019年06月02日,55个回答,,男
怀孕去看B超时说已怀十六周了是孩，又得二十周给老医生看B超说孩，希望,https://baobao.baidu.com/question/0519d8c994f0e1b9930e682dc9ffc50f.html,女,女,女,,,2019年06月02日,1个回答,,翻
真的有的吗？,https://baobao.baidu.com/question/e03c3ec00e87af745416bf71de18b42e.html,女,翻,男,,,2019年05月24日,2个回答,,
跪求菩萨保佑赐我腹中健康宝，保佑,https://baobao.baidu.com/question/5d61d381eb5cbbfff6aefd84cfa3345e.html,男,女,翻,,,2019年05月21日,9个回答,,男
孕19周做的B超，的几率有多大啊？,https://baobao.baidu.com/question/60dfb2fd686daca289455b4789a4c640.html,男,男,翻,19周做的B超，几率大不大？,男,2019年05月17日,3个回答,翻,女
昨天照了b超是孩  有的吗  好像要个宝  求盘,https://baobao.baidu.com/question/2bc70ee1e9f9385b10325ed12aa111d1.html,男,男,翻,,,2019年05月17日,2个回答,,女
有没有的宝妈，前两胎是儿，今天去看3胎还是的，,https://baobao.baidu.com/question/82f4ad52fd44c790c9c4241e883d80a1.html,女,翻,男,,,2019年05月15日,3个回答,,女
多吗,https://baobao.baidu.com/question/d830d012f63a15cc2ad22be06c33fcd8.html,女,翻,男,有的吗？做B超是，生了是孩的,女,2019年05月14日,1个回答,翻,
十九周做的BC说是孩，还有机会盘吗，跪求成功,https://baobao.baidu.com/question/2ad89ad33663de653f774688fc517599.html,男,翻,男,,,2019年05月12日,100个回答,,翻
24周做彩超说是孩，也没有的可能。好想是个宝宝。,https://baobao.baidu.com/question/809fa44e064a350d6b859245d9f95bae.html,女,女,翻,,,2019年05月10日,1个回答,,男
求菩萨保佑我腹中二胎是健康宝，祈求成功,https://baobao.baidu.com/question/c554dec609ca5c10ca8b5d7bc3622295.html,女,男,翻,,,2019年05月04日,23个回答,,女
一定要如愿,https://baobao.baidu.com/question/caaf7e67646179c1bc57d6239be8759a.html,男,翻,女,19周时做彩超，检查是孩。真希望是宝宝调皮给看错了，希望二宝是个贴心的小棉袄，我的小公主。保佑我，成功，生个宝。做个好命的人，凑成好字一儿一，此生无憾。,男,2019年05月04日,1个回答,男,
希望腹中是健康宝，成功,https://baobao.baidu.com/question/04bc3ec03e75feddcdf0a89624754a07.html,女,男,翻,,,2019年05月01日,47个回答,,女
祈求腹中二胎是健康宝，祈求成功,https://baobao.baidu.com/question/3066537770130b56cd23277a2bcfe9dc.html,女,男,翻,,,2019年05月01日,3个回答,,女
祈求腹中二胎是健康宝，祈求成功,https://baobao.baidu.com/question/8e3f84d6973f74ae6501706be78aabe0.html,女,男,翻,,,2019年05月01日,4个回答,,女
祈求腹中二胎是健康宝，祈求成功,https://baobao.baidu.com/question/858e3747973c0f4506290ace9f2092ae.html,女,男,翻,,,2019年05月01日,2个回答,,女
祈求腹中二胎是健康宝，祈求成功,https://baobao.baidu.com/question/65eff14b4cb7af13894fee943f4571db.html,女,男,翻,,,2019年05月01日,2个回答,,女
有的吗,https://baobao.baidu.com/question/68832fd357f9ca2d8bd98f571927a817.html,男,翻,女,希望可,男,2019年05月01日,2个回答,翻,
三个半月了检查四次前一次是儿后三次是儿子，大宝是儿子，希望菩萨保佑吧,https://baobao.baidu.com/question/5af7c6434f0bb6fe3eec61934eec2d68.html,女,男,翻,,,2019年05月01日,1个回答,,女
祈求腹中二胎是健康宝，祈求成功,https://baobao.baidu.com/question/0b9fbc8cbad9785b717405aa2fe67b78.html,女,男,翻,,,2019年05月01日,5个回答,,女
有没有成功的希望啊？,https://baobao.baidu.com/question/ecc4a0bbe047ba1a0c4a109165b312b5.html,男,翻,女,30周做普通黑白B超看性别，看见双腿中间有个小尖尖，医生说是个娃，有没有可能看错啊？好希望是个宝，求成功，接健康宝。,男,2019年05月01日,4个回答,女,
二胎能吗，四维会看的的帮我瞧瞧,https://baobao.baidu.com/question/7f51feaecf8418d4d6c3ff5b7ac0e08d.html,男,翻,女,昨天做了四维，朋友们好几个都说我的是宝，心里莫名有点点失落啊。。。我想要个孩👧，大家会看嘛？,男,2019年05月01日,2个回答,女,男
祈求腹中二胎是宝，祈求成功,https://baobao.baidu.com/question/a7c140fb7099158be9e986219ada7480.html,女,男,翻,,,2019年05月01日,9个回答,,女
👏👏👏谁接谁中！！报喜咯😄喜添一位小千金！😜😜成功了！😂😂,https://baobao.baidu.com/question/45c605eb65cb0d274ddc67f6c9b5227c.html,男,翻,女,今天宝贝已经第五天了👑👑👑一切都好(✪▽✪)30号早上剖腹产6.3斤小公主👸！,,2019年05月01日,3个回答,,
有没有的宝妈？给我打打气吧,https://baobao.baidu.com/question/037536a521f57825439b2c0b294baaab.html,男,翻,女,3个月检查是宝，听医生说百分之90了，可做梦都想要小公举呀，心里好沮丧，但都快吃不下了,男,2019年05月01日,5个回答,,
17周b超可能性大吗,https://baobao.baidu.com/question/1bf4ec2447863e5617921bc98665af7c.html,男,翻,女,一胎宝，二胎17周b超说和一胎一样。可b超时宝宝趴着，会不会看错呢，希望能盘,男,2019年05月01日,4个回答,翻,
我想2018生个健康宝，愿上帝保佑我能成功。,https://baobao.baidu.com/question/c45efc4a23568ad5be991e73bdbbac5c.html,女,男,翻,,,2019年05月01日,24个回答,,女
有能看懂的宝妈帮忙看看是是，希望能啊！谢谢大家！,https://baobao.baidu.com/question/bfcf8b79b456c5775e03fb63a276a9c9.html,男,女,男,,,2019年05月01日,5个回答,,翻
生过宝的宝妈是怎么怀上儿子的？二胎希望，很想要个儿子了,https://baobao.baidu.com/question/b1edac89708faaa87dcdbfab9016d4ee.html,男,女,翻,,,2019年04月14日,2个回答,,男
宝妈们，有没有成功的的？我第一胎宝，这胎检查了也是宝，好希望盘,https://baobao.baidu.com/question/0bfade8d12656ebc2efab3326922351f.html,女,翻,男,,,2019年04月12日,0个回答,,女
都说有，有没有之说,https://baobao.baidu.com/question/83c77b07eeb384a747d64f5cc68477db.html,女,翻,男,,,2019年04月07日,2个回答,,男
祈求二胎是健康宝，，保佑保佑,https://baobao.baidu.com/question/36cd553dd40245bc22cf11c17a61d44c.html,男,女,翻,,,2019年03月22日,5个回答,,男
亲爱的们 有没有b超检查是孩，生下来是孩的呀😆️😆️ 会有几率吗,https://baobao.baidu.com/question/2ea4b954850b7eab23a6b9fa69bc87ba.html,男,女,男,,,2019年03月09日,2个回答,,翻
有的吗,https://baobao.baidu.com/question/1763ae2c657e2521dc371a1283f7ed3d.html,女,翻,男,第三胎，两个儿了，今天100天，做bc看，医生说小两周，86天，说还是孩，不知道能不能！,女,2019年03月05日,2个回答,男,
祈求腹中成功，求菩萨保佑我生个健康宝,https://baobao.baidu.com/question/16665810e24a960f13c557fea1d62e97.html,男,翻,女,,,2019年03月01日,10个回答,,女
愿腹中，望儿双全。,https://baobao.baidu.com/question/f731e14dd4582e583fadb5186e836602.html,女,翻,男,,,2019年03月01日,23个回答,,女
祈求腹中二胎是健康宝，祈求腹中成功,https://baobao.baidu.com/question/6bba6a1bf2dcffaa58be19cc8b8c2bc3.html,女,男,翻,,,2019年03月01日,23个回答,,女
求，，，，,https://baobao.baidu.com/question/6ec52fa2695b338a5cecf570e68a9dae.html,男,翻,女,三个月时b超查的是孩👦，很失望😔，希望神保佑能，把宝送给想要生宝的宝妈们，把可爱健康的宝留给我，求保佑,男,2019年02月28日,6个回答,男,
孕29周B超检查大夫说是孩，有可能看错吗？有没有晚期检查的宝妈？？,https://baobao.baidu.com/question/690638aebe5903e11a2dca33045c4d48.html,女,女,翻,不是重轻，希望大宝是孩，二宝是孩，这样好一点~~哈哈,男,2019年02月26日,2个回答,女,男
有没有的,https://baobao.baidu.com/question/c9e063f220f90566efb8f8ec04c37f7b.html,男,翻,女,,,2019年02月21日,2个回答,,
怀孕七个月，想能成功吗？,https://baobao.baidu.com/question/97ac1aad2ed185bddc8ff04e3a1f436c.html,女,翻,男,怀孕七个半月了，还有几天就八个月了；今天去医院做检查，亲戚说是孩，我不想要孩，我个子很矮，我怕会遗传孩子，就想要个孩，要一个就不想要了，求老天保佑我能成功😔😭😭😭,女,2019年02月20日,5个回答,女,
希望能成功的,https://baobao.baidu.com/question/039a302dae97b1d25dd8bd288265414e.html,女,翻,男,,,2019年02月20日,1个回答,,
希望能成功的,https://baobao.baidu.com/question/2a3df0c62f76f51ca6f853861e2c7e6a.html,女,翻,男,,,2019年02月20日,2个回答,,
11月21号的，40+1生了小帅哥一个，顺产，症状全是宝症状，,https://baobao.baidu.com/question/9e3be021ec8dc22dd9bf54bbe56c2374.html,女,女,翻,,,2019年02月19日,3个回答,,男
七个月 有没有的，进！！！,https://baobao.baidu.com/question/7e651585daf34bc192ed9d022bb4917c.html,女,翻,男,,,2019年02月19日,2个回答,,
有成功的吗？,https://baobao.baidu.com/question/73ab864680a6dabf115150025562cecb.html,女,翻,男,怀孕六个月做三维查到是宝，求🙏求观音菩萨保佑送子,女,2019年01月25日,2个回答,女,
三个半月B超检查百分之八十是孩，四个月零10天检查是孩，还有可能么？,https://baobao.baidu.com/question/5568d57641bd621b84b14ad197ff4472.html,女,女,女,,,2019年01月20日,2个回答,,翻
四个月。今天检查是孩，跪求,https://baobao.baidu.com/question/e7ea39067d906b2d28abc454ee9525d9.html,女,女,翻,,,2019年01月19日,6个回答,,男
的几率大吗？,https://baobao.baidu.com/question/1bbc3ccf19f66f226052857349513477.html,男,翻,女,一胎，五个半月，四维看是孩，能成孩的几率有多大……想要一个孩！只想要一个孩！,男,2019年01月15日,2个回答,翻,
生了🈶️的吗,https://baobao.baidu.com/question/1a1c08b2a4cc3b7e222b859b55d59c56.html,男,翻,女,,,2019年01月13日,2个回答,,
五个月双胞胎，昨天去捡查说是孩，还有的机会吗,https://baobao.baidu.com/question/761c109efa17078e982ca1979efe0f0c.html,女,女,翻,跪求,女,2019年01月12日,3个回答,翻,男
十七周+，彩超，有机会吗？,https://baobao.baidu.com/question/9793dbe9c6c348cf0a724625ede61c39.html,女,翻,男,有机会吗？各位有过吗？,翻,2019年01月12日,1个回答,男,女
我的四维是孩，跪求，接健康宝宝已在我腹中,https://baobao.baidu.com/question/9e7fcd3cba70c21d7de54c7062ec690d.html,男,男,翻,大宝是儿子，二宝是孩，希望这个是孩,女,2018年12月31日,34个回答,女,女
有没有生完的宝妈,https://baobao.baidu.com/question/1754d51dfc9681e3f3cc14de1309df79.html,女,翻,男,是真是假到底，生过的又有几个了。。。。,女,2018年12月29日,0个回答,翻,
跪求,https://baobao.baidu.com/question/a5be9aa5a5cce05c1554cf54e85e6047.html,女,翻,男,,,2018年12月25日,5个回答,,
刚看了百度说B超也有检查不准的，的特别多,https://baobao.baidu.com/question/9dc6b7e21696f8e2a7ff8543ca0a2176.html,女,翻,男,希望大家都心想事成,,2018年12月18日,0个回答,,
有没有宝妈四维的？？,https://baobao.baidu.com/question/670904378e29eb20cfc42e8085a96f7d.html,女,翻,男,,,2018年12月07日,1个回答,,
跪求菩萨保佑我腹中宝宝🙏,https://baobao.baidu.com/question/d7a9af187fa5422acbb7703214f1fd36.html,男,翻,女,,,2018年12月06日,5个回答,,
哎:二胎还是宝:真心的希望能:想儿双全怎么就那么难呢,https://baobao.baidu.com/question/e3b687aec016afd52c831a55701319ea.html,女,女,翻,,,2018年11月27日,1个回答,,男
，感恩皓皓小朋友到来,https://baobao.baidu.com/question/468e8c783c0d8f5a1484c04518af2d16.html,女,翻,男,刚怀孕时，怀了三胞胎、可是到三个月左右的时候，停胎，保胎，只剩下一个宝宝，当时好害怕一个都保不住，在床上躺了整整两个月，除了吃饭厕所，几乎不下床，回忆起当时的艰辛、觉得人生孩子真的不容易，照了三次b,女,2018年11月25日,8个回答,,
有没有的,https://baobao.baidu.com/question/5cfb37703ea2f07c050d46ce175384a6.html,女,翻,男,,,2018年11月08日,1个回答,,
有没有的,https://baobao.baidu.com/question/5292b7c8b9333533e3a1aa31e14391fb.html,女,翻,男,,,2018年11月07日,2个回答,,
有没有的,https://baobao.baidu.com/question/f47a04c42683b838691a6146a61cfafd.html,女,翻,男,,,2018年11月07日,2个回答,,
有没有的,https://baobao.baidu.com/question/e931e25bf4b517777ebba24377680c30.html,女,翻,男,,,2018年11月07日,2个回答,,
有没有20周思维的宝妈？,https://baobao.baidu.com/question/f8dbbc10e6b9c32b99ef90490a7d52c0.html,女,翻,男,头胎宝宝，二胎想要宝宝，凑个好字，结果20周四维看出来是孩，有没有宝妈之后会的？几率大吗,女,2018年11月06日,3个回答,男,
的有吗？,https://baobao.baidu.com/question/1546e11486353c2f4541057546e648a7.html,男,翻,女,14周做检查，说胎儿头朝上，在胎儿屁股后面看这像孩，胎儿屁股后面能看准吗？能看清是孩了吗？有宝妈的吗？,男,2018年11月03日,3个回答,男,
真心希望,https://baobao.baidu.com/question/19520ac66c2af0d8b16e3e7517f549c0.html,女,翻,男,有没有的真实例子呀，大宝孩，二宝特想要孩，真心的想凑个好字，希望能心想事成,女,2018年10月28日,3个回答,翻,
13+3查出宝，有的可能吗,https://baobao.baidu.com/question/303fc5287c3f2ace72cbf24c2c43ce2f.html,女,女,翻,13+3查出宝，有的可能吗,女,2018年10月19日,0个回答,女,男
大家都是几个月彩超盘的？？真的有或者吗？,https://baobao.baidu.com/question/8339b6410cd26b2ef95689fe02296d19.html,翻,女,翻,如题,,2018年10月19日,4个回答,女,男
确定已经生完的进来！,https://baobao.baidu.com/question/27a9d86d3317939da89b9ceb9e95ea5b.html,男,翻,女,我老大是儿子，老二B超说还是儿子，不是儿子不好，是两个压力太大，期待能啊🤣,男,2018年10月13日,1个回答,翻,
今日听到宝宝是的，有点失落，希望,https://baobao.baidu.com/question/35b24ce6a9c7ae9539aa5208ebee3f52.html,女,女,翻,,,2018年10月06日,75个回答,,男
谁知道有什么感觉吗？请叫一下,https://baobao.baidu.com/question/a08d9f5591d7b54d21ddf54963172b32.html,女,翻,男,,,2018年09月29日,3个回答,,
想要个宝，5个月B超是宝，见到我的人都说要生儿子，希望如愿,https://baobao.baidu.com/question/d413c4ce86899762fc34ee1115b224a0.html,男,女,女,,,2018年09月26日,1个回答,,翻
关于,https://baobao.baidu.com/question/c77e214f167f6ed3f2b3f2a6c7936955.html,女,翻,男,昨天是27周3天，托熟人去查了，说是三线，宝，这个时候的几率大不大？,男,2018年09月25日,2个回答,女,
是真是假？,https://baobao.baidu.com/question/887dbce6675db20a0715bdbde887bbc1.html,女,翻,男,真的有吗？是什么情况会。多希望是个宝结果照了B超又是个孩。整天都很郁闷。我想应该不会发生在我身上了,女,2018年09月21日,2个回答,翻,
100天四维检查说孩，有没有的宝妈,https://baobao.baidu.com/question/08cf685b36c578ec59964e3872081ae0.html,女,女,翻,,,2018年09月21日,1个回答,,男
有没有的可能,https://baobao.baidu.com/question/479eb645909053df0448fff31520f016.html,女,翻,男,昨天做了比超，{五个半月}大夫说是孩，有没有的可能?,女,2018年09月21日,2个回答,女,
有四维彩超的的吗？,https://baobao.baidu.com/question/d4ae7281dc85e303288d1d7227644b67.html,女,翻,男,,,2018年09月21日,1个回答,,
有没有做完四维彩超的宝妈,https://baobao.baidu.com/question/60dc1300a21c885df8dac10a42f7ac99.html,女,翻,男,,,2018年09月21日,3个回答,,
跪求,https://baobao.baidu.com/question/ab3a4c2bbaba158d8bfcbbdfa35f60a5.html,女,翻,男,头胎是宝  这个又是宝  跪求,女,2018年09月21日,1个回答,女,
好想呀！你们有没有的,https://baobao.baidu.com/question/a2884e8b7d22b63df0c8df8556db2d23.html,男,翻,女,,,2018年09月19日,0个回答,,翻
有没有的,https://baobao.baidu.com/question/be7f51c1035b1810bfee92a1511fb076.html,女,翻,男,,,2018年09月17日,0个回答,,
的宝妈多吗？,https://baobao.baidu.com/question/be139bc5f6d8d84449382b5a03372c9f.html,女,翻,男,,,2018年09月17日,0个回答,,
有查出来是宝，生下来变宝的吗，求🙏🙏,https://baobao.baidu.com/question/3d596ea08067be06e786e6caa43542f2.html,男,女,男,,,2018年01月25日,1个回答,,翻
我来接接,https://baobao.baidu.com/question/49f01a7f6a87766e96a716aece3edf86.html,女,翻,男,,,2018年09月11日,2个回答,,
希望成功,https://baobao.baidu.com/question/2d10c8c5c5dceed997b0420b4379e1a8.html,女,翻,男,跪求肚子里的宝宝能成功，凑成一个好,女,2018年09月09日,8个回答,翻,
宝妈有没有彩超查孩最后生孩，，成功的？,https://baobao.baidu.com/question/eafec6f7e69fe555e1f6d91cb59e8b83.html,男,女,男,,,2018年09月05日,0个回答,,翻
怀孕四个月的时候照的b超说是孩，因为老大也是孩，请问宝妈几率大吗,https://baobao.baidu.com/question/58018935e301f54bc30a32e4299962c5.html,男,男,男,,,2018年08月21日,3个回答,,翻
有没有的？,https://baobao.baidu.com/question/e244cfeac3e1326881d21367ad62d442.html,女,翻,男,,,2018年08月17日,3个回答,,
十四周检查说是孩！之后也没敢再去照！哎都拼三了！跪求菩萨保佑🙏🙏🙏,https://baobao.baidu.com/question/9b6fa2445f17c47220bb82b22f5902c5.html,女,女,翻,,,2018年08月12日,3个回答,,男
有多少宝妈是十月八号预产期的，好想！,https://baobao.baidu.com/question/1dd51a6e920220e66126ca3206258e0a.html,女,翻,男,我的预产期十月八号，头胎丫头，这胎希望是小子，偏偏天不遂人愿，又是儿哎，失落中……,女,2018年08月11日,15个回答,,
没有的可能么！,https://baobao.baidu.com/question/f0f92931c648b5b116eb13225b368ab0.html,女,翻,男,大宝儿！二宝19周查了宝！好想是查错了！,女,2018年08月09日,3个回答,女,
跪求，保佑我肚里怀的是宝希望能成真,https://baobao.baidu.com/question/4c38cf919685d559be0f44b9da2c0054.html,女,翻,男,,,2018年08月07日,3个回答,,男
跪求🙏🙏🙏🙏🙏拼三了！实在伤不起啊！,https://baobao.baidu.com/question/e224106819ce6c25678146ff6c4037d3.html,女,翻,男,,,2018年08月07日,3个回答,,
大家有的吗？,https://baobao.baidu.com/question/ff9443aa5637719958dff7b6ff5249ca.html,女,翻,男,,,2018年08月05日,2个回答,,
什么意思是，或啊,https://baobao.baidu.com/question/a9df922cc6c593e309f2a76746d14a6d.html,男,翻,女,,,2018年07月29日,2个回答,,女
祈求腹中二胎是健康宝，祈求成功,https://baobao.baidu.com/question/61c932aa48ac4aa971788c1e43fdb542.html,女,男,翻,,,2018年07月29日,4个回答,,女
概率高吗？,https://baobao.baidu.com/question/e9ed8b0cc06381cb4690d5ae93db4d0d.html,女,翻,男,昨天去做了B超，说80％ 儿。但是医生说七个多月太大了也不确定。盘概率高吗？,女,2018年07月10日,5个回答,翻,
祈求腹中是健康宝，祈求二胎成功,https://baobao.baidu.com/question/88f18239d23a17255dbd1cd3c65d4099.html,女,男,翻,,,2018年07月26日,3个回答,,女
有的么？,https://baobao.baidu.com/question/8e50add6f5ce4b1eb7e9bae32eae448e.html,男,翻,女,大宝是个娃，现在快要生二宝啦，查的是个宝，希望抽成一个好字，,男,2018年07月26日,9个回答,男,
希望,https://baobao.baidu.com/question/5113650d89477707b44c03f3dd6fe2f1.html,女,翻,男,两胎反应完全不一样，但是做B超性别一样，希望发生在我身上,女,2018年07月20日,1个回答,翻,
有没有盘的姐妹？好想好想呀,https://baobao.baidu.com/question/f544aa84eb921d0cc658bb0cde526fe1.html,翻,男,翻,,,2018年07月18日,0个回答,,女
有吗？,https://baobao.baidu.com/question/e7e450d1f5ccd101560daa406d77d37f.html,男,翻,女,,,2018年07月05日,2个回答,,
有谁亲身体验过,https://baobao.baidu.com/question/0f5f91d12d00c4dfe4621adeffcd50da.html,女,翻,男,,,2018年07月03日,2个回答,,
5个月做b超检查是宝宝，能不能有可能宝宝,https://baobao.baidu.com/question/08106836b48eca10f3e9f6c2e9df4e5c.html,男,翻,女,5个月做b超检查是宝宝，能不能有可能宝宝,男,2018年07月03日,1个回答,翻,
有没有的   。,https://baobao.baidu.com/question/9277aaf97bccb6b310065e9f29d48a45.html,男,翻,女,十二周查的孩。十五周又去查的是孩，到现在还在幻想着能，特别希望是看错了。,女,2018年06月19日,3个回答,男,
祈求腹中二胎是健康宝，祈求成功,https://baobao.baidu.com/question/f512561dd6f3538ad563d0c089a1cd7c.html,女,男,翻,,,2018年06月17日,2个回答,,女
祈求腹中二胎是健康宝，祈求成功,https://baobao.baidu.com/question/89dbcb220c91bc0d8aa09ad38d889fd9.html,女,男,翻,,,2018年06月17日,3个回答,,女
四个半月了，找了几个中医把脉都说孩几率大，有的可能吗？,https://baobao.baidu.com/question/eedc5e05d551fa18e786cb568032d822.html,女,女,翻,,,2018年06月09日,1个回答,,男
5个半月照b超孩，有机会吗,https://baobao.baidu.com/question/5801842710f50ec5005cb83b54da80d7.html,女,女,翻,,,2018年06月09日,19个回答,,男
6个月3级超声宝，会吗？,https://baobao.baidu.com/question/8a083558f7980dae2f272c2ff8d2f8ed.html,男,男,翻,,,2018年06月01日,0个回答,,女
把脉说宝宝，希望在我这里实现吧！,https://baobao.baidu.com/question/4cef65b7b246082ed314695402289103.html,女,女,翻,,,2018年05月23日,2个回答,,男
宝妈们  有没有的,https://baobao.baidu.com/question/141a23c921038851d48979b6531fe8b5.html,女,翻,男,,,2018年05月20日,1个回答,,
祈求腹中二胎是健康宝，祈求成功,https://baobao.baidu.com/question/984a758a501830a10093a15f01ae38fe.html,女,男,翻,,,2018年05月18日,2个回答,,女
祈求腹中二胎是健康宝，祈求成功,https://baobao.baidu.com/question/3254ee9ecdac36d6a1366bd91c826c53.html,女,男,翻,,,2018年05月18日,1个回答,,女
求✳🙏🙏🙏,https://baobao.baidu.com/question/60407de43fded385c6b050ceb1493d5d.html,男,翻,女,,,2018年05月15日,1个回答,,
祈求腹中是健康宝，祈求成功,https://baobao.baidu.com/question/70287a54b301c40379e485f8efe7f5ac.html,女,男,翻,,,2018年05月15日,3个回答,,女
祈求腹中二胎是健康宝，祈求成功,https://baobao.baidu.com/question/fd27be8cf619c99c92ee8c32e68bb0f9.html,女,男,翻,,,2018年05月15日,2个回答,,女
祈求腹中二胎是健康宝，祈求成功,https://baobao.baidu.com/question/35e0aa7a10e4258a642d8ca048441c29.html,女,男,翻,,,2018年05月15日,2个回答,,女
祈求腹中二胎是健康宝，祈求成功,https://baobao.baidu.com/question/9a9386532780545eae58a7951ecc9ed0.html,女,男,翻,,,2018年05月15日,2个回答,,女
祈求腹中二胎是健康宝，祈求成功,https://baobao.baidu.com/question/be704a3b1d4e767bae983eab723f510d.html,女,男,翻,,,2018年05月15日,2个回答,,女
祈求腹中二胎是健康宝，祈求成功,https://baobao.baidu.com/question/4f73ed41c1e37ea6d5de48f076c4ab58.html,女,男,翻,,,2018年05月15日,1个回答,,女
祈求腹中二胎是健康宝，祈求成功,https://baobao.baidu.com/question/c3e3245fca31b83c0ecdf1c9faf21851.html,女,男,翻,,,2018年05月15日,1个回答,,女
祈求腹中二胎是健康宝，祈求腹中成功,https://baobao.baidu.com/question/7f5bc53003598f35412fea648a3796fc.html,女,男,翻,,,2018年05月15日,2个回答,,女
祈求腹中二胎是健康宝，祈求成功,https://baobao.baidu.com/question/82502a171c68da1e903886851a0a3a51.html,女,男,翻,,,2018年05月15日,1个回答,,女
祈求腹中二胎是健康宝，祈求成功,https://baobao.baidu.com/question/3389e124f1e4559a1b1ea158ab25e64f.html,女,男,翻,,,2018年05月15日,2个回答,,女
祈求腹中二胎是健康宝，祈求成功,https://baobao.baidu.com/question/4779bab74f73b917f12dbca4c20f4ca4.html,女,男,翻,,,2018年05月15日,3个回答,,女
祈求腹中是健康宝，祈求成功,https://baobao.baidu.com/question/c02b54894f8c400567e748398d3c6116.html,女,男,翻,,,2018年05月15日,2个回答,,女
祈求腹中是健康宝，祈求成功,https://baobao.baidu.com/question/c76c4d77fc3a840fa3d51b9a7ac29eb0.html,女,男,翻,,,2018年05月15日,2个回答,,女
祈求腹中二胎是健康宝，祈求成功,https://baobao.baidu.com/question/db03af6b881c9d53ae2610187b3cb338.html,女,男,翻,,,2018年05月15日,2个回答,,女
有没有验血的,https://baobao.baidu.com/question/0ef3c28768174f9ba4ed203eb09588d1.html,女,翻,男,,,2018年05月15日,1个回答,,
有B超的吗,https://baobao.baidu.com/question/d552891e9c409020b85113b4dcf6c325.html,女,翻,男,,,2018年05月13日,1个回答,,
有没有的,https://baobao.baidu.com/question/f7b61a4cf31e9f31c772d0b93d4ca5cf.html,女,翻,男,19周做必超是不是百分百准确的啊，好想，可能吗？,女,2018年05月13日,6个回答,翻,
B超的有吗？,https://baobao.baidu.com/question/281ed71b52db3b142c84a7d525f50805.html,女,翻,男,今天19周做了必超，说是个儿，瞬间心情很复杂。大宝是儿，想生个儿子又没希望了～不懂能不能盘啊，有没有一样经历的给我点希望呢,女,2018年05月11日,0个回答,女,
祈求腹中二胎是健康宝，祈求成功,https://baobao.baidu.com/question/9660c67457f4ebce7ee079aa69903455.html,女,男,翻,,,2018年05月11日,4个回答,,女
祈求腹中是健康宝，祈求菩萨保佑我腹中成功,https://baobao.baidu.com/question/f37d6c2bf3cb33336b3a42044186c5d4.html,女,男,翻,,,2018年05月11日,5个回答,,女
祈求腹中二胎成功，接健康宝,https://baobao.baidu.com/question/15b6fe0c60e56f9ed70d5065ad94e842.html,男,翻,女,,,2018年05月11日,5个回答,,女
前天做四维说24周。今天去查说27周孩，有吗,https://baobao.baidu.com/question/f729af8efcb9308540c32e189f5442ec.html,男,男,翻,,,2018年05月10日,1个回答,,女
有没有的成功案例,https://baobao.baidu.com/question/233b871d37d01d972f08d945a5bcb135.html,男,翻,女,四维看着模样像孩，生下是孩的。求分享,男,2018年05月10日,0个回答,女,
哪位宝妈有经验看看单子，有没有机会盘。求,https://baobao.baidu.com/question/db0b2bfa1324a638aadb1ffc5d072948.html,翻,女,翻,,,2018年05月09日,1个回答,,男
四个月零几天去B超检查说是孩，说十天后复查，希望！请问有可能吗？,https://baobao.baidu.com/question/5e6f767d1c2ef3bcd00ca3df02fcec61.html,女,女,翻,四个月零几天去B超检查说是孩，说十天后复查，希望！请问有可能吗？,女,2018年05月05日,12个回答,女,男
有没有的,https://baobao.baidu.com/question/b5b323010d71db1a4c4702674f8206ff.html,男,翻,女,,,2018年05月02日,0个回答,,
有没有的宝妈们,https://baobao.baidu.com/question/90cfb15d44e771614d6a20de13d6be2c.html,男,翻,女,,,2018年05月02日,0个回答,,
一胎宝二胎检查又是宝，为啥就不能如愿呢这辈子注定和儿无缘吗，祈求,https://baobao.baidu.com/question/d634cf855c4aeb1e476641098d8b3c23.html,男,男,女,,,2018年04月25日,1个回答,,男
不想要宝，喜欢要宝的传你，希望，😍,https://baobao.baidu.com/question/1f2d311ff92610a93527d6e4848bec8e.html,男,男,男,,,2018年04月25日,1个回答,,翻
祈求腹中二胎是健康宝，祈求成功,https://baobao.baidu.com/question/128cf9ab61d86db0b461d8e7cb1743df.html,女,男,翻,,,2018年04月19日,4个回答,,女
有没有的？,https://baobao.baidu.com/question/feda0a5fd6df393f27bbe2d70971d991.html,男,翻,女,有没有孕期检查孩子，生下是孩的？？？,男,2018年04月19日,0个回答,女,
祈求腹中二胎成功，菩萨保佑,https://baobao.baidu.com/question/9e023fa8562d3980cdfcdd150af4bcb1.html,男,翻,女,,,2018年04月18日,2个回答,,
祈求腹中二胎是健康宝，祈求成功,https://baobao.baidu.com/question/3a940dfa35001cd0e23e120d2f0bff31.html,女,男,翻,,,2018年04月18日,2个回答,,女
祈求菩萨保佑我腹中二胎是健康的宝，祈求腹中成功,https://baobao.baidu.com/question/63702d3e4f376b8876a9f163f06f2742.html,女,男,翻,,,2018年04月18日,3个回答,,女
祈求腹中二胎是健康宝，祈求成功,https://baobao.baidu.com/question/fb9ccd5508bc0534e5d7a427e4823e3a.html,女,男,翻,,,2018年04月18日,2个回答,,女
祈求我腹中是健康的宝，祈求成功,https://baobao.baidu.com/question/60c72358a7bf5a253bc02ed321a9e8bc.html,女,男,翻,,,2018年04月18日,4个回答,,女
祈求腹中二胎是健康宝，祈求成功,https://baobao.baidu.com/question/c91ac424fd15d89220697ba58719e4af.html,女,男,翻,,,2018年04月18日,3个回答,,女
祈求腹中二胎是健康宝，祈求成功,https://baobao.baidu.com/question/513e9fd926935719a317d14e4bf6341b.html,女,男,翻,,,2018年04月18日,2个回答,,女
祈求腹中二胎是健康宝，祈求菩萨保佑我成功,https://baobao.baidu.com/question/cf2eebc915e280873571fad0eedb2333.html,女,男,翻,,,2018年04月18日,1个回答,,女
怀孕四个月了，上星期检查是孩可是想要个儿，今天去做B超保佑我🙏🙏,https://baobao.baidu.com/question/330a6f2bad6eafa9da17b60ca42e2f32.html,男,女,男,,,2018年04月18日,3个回答,,翻
保佑我等下做B超🙏🙏,https://baobao.baidu.com/question/2e10e608f3bcd966f4d7fa9113ad4560.html,男,翻,女,,,2018年04月18日,2个回答,,
祈求腹中二胎是健康宝，祈求成功,https://baobao.baidu.com/question/7df6b61c48562f6ecb970a970988e4f6.html,女,男,翻,,,2018年04月18日,2个回答,,女
祈求腹中是健康宝，祈求成功,https://baobao.baidu.com/question/f5f186508b8cd38dd17b03160d6f9f42.html,女,男,翻,,,2018年04月18日,1个回答,,女
祈求腹中是健康宝，祈求菩萨保佑我成功,https://baobao.baidu.com/question/e09509d52f53584d1c7d54b57d642902.html,女,男,翻,,,2018年04月18日,1个回答,,女
祈求腹中是健康宝，祈求菩萨保佑腹中成功,https://baobao.baidu.com/question/e91c6d46e5f01197ee2f079a191373f4.html,女,男,翻,,,2018年04月18日,1个回答,,女
诚心求观音菩萨保佑我腹中，平平安安，健健康康,https://baobao.baidu.com/question/d365c49df0754faa8cff834de48c76a7.html,女,翻,男,,,2018年04月18日,1个回答,,
跪求菩萨显灵🙏🙏🙏🙏保佑我……接健康宝宝,https://baobao.baidu.com/question/bc1deeb641a044d4f5eb2379e459b9c0.html,男,翻,女,,,2018年04月18日,1个回答,,女
祈求腹中是健康宝，祈求腹中成功,https://baobao.baidu.com/question/98b0491dd269faa09ddd078dd9c7d4a8.html,女,男,翻,,,2018年04月18日,1个回答,,女
跪求观音菩萨腹中健康宝宝,https://baobao.baidu.com/question/7b4aef466d0726132943216d85c7175c.html,女,翻,男,,,2018年04月18日,3个回答,,
祈求腹中是健康宝，祈求腹中成功,https://baobao.baidu.com/question/228330bc1cac1876f303c85d05d5c76f.html,女,男,翻,,,2018年04月18日,1个回答,,女
希望,https://baobao.baidu.com/question/9fef5c18606217ecd3ffdef07a35f6a2.html,女,翻,男,,,2018年04月18日,1个回答,,
祈求腹中是健康宝，祈求腹中成功,https://baobao.baidu.com/question/b689cdcdceb3a2a2ae4ac0decb5d20d4.html,女,男,翻,,,2018年04月18日,2个回答,,女
祈求腹中是健康宝，祈求腹中成功,https://baobao.baidu.com/question/6dbf7f93f64a49451020b72fcada2170.html,女,男,翻,,,2018年04月18日,2个回答,,女
祈求腹中二胎是健康宝，祈求腹中成功,https://baobao.baidu.com/question/13fc7c70e27a20ed75479ff6615559dc.html,女,男,翻,,,2018年04月18日,2个回答,,女
祈求腹中是健康宝，祈求成功,https://baobao.baidu.com/question/3a955451898aa5605f5463eae61e1d01.html,女,男,翻,,,2018年04月18日,2个回答,,女
祈求腹中是健康宝，祈求成功,https://baobao.baidu.com/question/3cae3daaea4d208568923a6fc5b9176c.html,女,男,翻,,,2018年04月18日,2个回答,,女
求保佑,https://baobao.baidu.com/question/1cdb8233d59c11cd0ef6fd545ba738cc.html,男,翻,女,,,2018年04月18日,3个回答,,
祈求腹中是健康宝，祈求成功,https://baobao.baidu.com/question/8f38c7f898cde07a0d0bf9c855523725.html,女,男,翻,,,2018年04月18日,2个回答,,女
祈求腹中二胎是健康宝，祈求菩萨保佑我成功,https://baobao.baidu.com/question/65a0130b272a0f6544d1f1d3ba877b1a.html,女,男,翻,,,2018年04月18日,1个回答,,女
真的有的？？？,https://baobao.baidu.com/question/b0720b367026e3806b4571b6e52dcf7d.html,女,翻,男,,,2018年04月17日,1个回答,,
有的么,https://baobao.baidu.com/question/068ede1392003c4272b447aff0202e33.html,男,翻,女,检查孩  有可能盘么,男,2018年04月15日,1个回答,翻,
有没有的孕妈？,https://baobao.baidu.com/question/ad8f6cd44fc7b99d1f577a32937e12ba.html,男,翻,女,,,2018年04月15日,1个回答,,
有没有的宝妈,https://baobao.baidu.com/question/0f1a650781a32bf3f3b2a6bcb8c50aab.html,男,翻,女,想要个宝宝，渴求啊！,女,2018年04月12日,2个回答,,
为什么又是孩，希望,https://baobao.baidu.com/question/15d1870e7df70a7234a74aa76af42435.html,男,男,翻,前面有两儿子了，第三胎想要个儿的，希望老天保佑我，不要在跟我开玩笑了，大家说我这胎要还是不要,女,2018年04月09日,1个回答,,女
的几率大不大,https://baobao.baidu.com/question/9283a73a7b651058fb376670a2fb2f72.html,女,翻,男,怀孕5个月查出二胎还是孩婆婆的反应特别大看着很心酸，其实自己比婆婆还难受还心痛第一胎就是破妇产    自己还要受这个罪孩子还都是自己带，没查出来还帮忙做个饭   现在查出来一点都不问了还看到我就想发,女,2018年04月08日,6个回答,,
昨天做 bc是孩！希望！成功！！👃👃👃👃👃👃,https://baobao.baidu.com/question/5a704a14fb63faa8766fb10496d7ad50.html,男,男,翻,,,2018年04月08日,0个回答,,女
跪求菩萨显灵🙏🙏🙏🙏🙏🙏～保佑我……,https://baobao.baidu.com/question/0becc7e99082550a957e2f4e5d02ee5f.html,男,翻,女,,,2018年03月31日,4个回答,,
祈求腹中二胎是宝，祈求成功,https://baobao.baidu.com/question/f7dff8166a5032f31c1e3bf409864695.html,女,男,翻,,,2018年03月30日,2个回答,,女
报喜啦！成功,https://baobao.baidu.com/question/ceec6e8b8b8456db8c19526a848440c5.html,男,翻,女,3.26日顺产小公主一枚，当时彩超做的是个孩，看肚型都说是孩，结果来了个小棉袄，儿双全啦,男,2018年03月28日,6个回答,男,
祈求腹中二胎是健康宝，祈求成功,https://baobao.baidu.com/question/9f72fa4205e789b66697a4ebbc4439d6.html,女,男,翻,,,2018年03月27日,1个回答,,女
三个半月和四个月都做黑白b超，同一个人给我做的，孩，有的可能吗？想要宝,https://baobao.baidu.com/question/acf1af45a99f2b232c8ddd1a9a39c7e6.html,男,男,翻,,,2018年03月20日,5个回答,,女
祈求腹中二胎是健康宝，祈求菩萨保佑我成功,https://baobao.baidu.com/question/f8ab6af7d1327ccf43c05ec437abac46.html,女,男,翻,,,2018年03月18日,3个回答,,女
祈求腹中二胎是健康宝，祈求菩萨保佑我腹中成功,https://baobao.baidu.com/question/2d1cc77a91205c72166517ff2ce0085d.html,女,男,翻,,,2018年03月18日,2个回答,,女
祈求腹中二胎是健康宝，祈求成功,https://baobao.baidu.com/question/b1b67d06fa09a02ffbb80ac21aa65453.html,女,男,翻,,,2018年03月18日,2个回答,,女
祈求腹中二胎是健康宝，祈求腹中成功,https://baobao.baidu.com/question/cd688033f1d71c1b084d176bda284cd3.html,女,男,翻,,,2018年03月17日,1个回答,,女
祈求腹中二胎是健康宝，祈求成功,https://baobao.baidu.com/question/23d59f4b2bad793de407e6de57bb5370.html,女,男,翻,,,2018年03月17日,2个回答,,女
祈求腹中二胎是健康宝，祈求成功,https://baobao.baidu.com/question/1488e4ac6f8db53100e96c69b81f4ecd.html,女,男,翻,,,2018年03月17日,2个回答,,女
祈求腹中二胎是健康宝，祈求菩萨保佑我腹中成功,https://baobao.baidu.com/question/aba81de1b48ba8f66157b1e976e6184a.html,女,男,翻,,,2018年03月17日,2个回答,,女
祈求腹中二胎是健康宝，祈求成功,https://baobao.baidu.com/question/6b48050735eb81f59f146985f925d52e.html,女,男,翻,,,2018年03月17日,2个回答,,女
做了两次检查都是宝，希望，真是希望能有个宝宝，这样我都可以给她买漂亮的,https://baobao.baidu.com/question/e9a63e4f425daa4bb2a9d4208a8cf80f.html,男,男,翻,,,2018年03月17日,0个回答,,女
希望,https://baobao.baidu.com/question/e482b64243d204de2894d458057e7d7b.html,女,翻,男,,,2018年03月12日,1个回答,,
几率大吗,https://baobao.baidu.com/question/68a2783f38917e5fff1c67d6771f1acb.html,女,翻,男,一胎儿，二胎想儿子，想问几率大吗,女,2018年03月10日,1个回答,女,
真的会吗？,https://baobao.baidu.com/question/32f1775ff7cd789d4ca7d1c141086ea3.html,女,翻,男,我第一个是儿，三个半月的时候，去做BC说是孩，我庄里的有个嫂子，到哪里查都说是孩，可孩子出生了，是个孩子，跪求送子娘娘保佑我，成功！,女,2018年03月09日,1个回答,女,
诚接送子观音娘娘赐我健康平安宝到腹中，愿心想事成能如愿，愿下次检查成功！,https://baobao.baidu.com/question/cc39114d21f5f4505a280d20d7a80683.html,男,女,翻,诚接送子观音娘娘赐我健康平安宝到腹中，愿心想事成能如愿，愿下次检查成功！跪求送子观音娘娘赐我健康平安宝到腹中，期待宝健康平安出生在我身边，期待2018预产期接到健康平安宝到身边！跪拜送子,男,2018年03月08日,2个回答,女,男
有的吗,https://baobao.baidu.com/question/c05edef19fdfe5b3d7dd73dfa733c8f6.html,男,翻,女,同上,,2018年03月07日,1个回答,,
宝妈们你们有的事吗？？,https://baobao.baidu.com/question/b4581ae8839f0e1228a4342d659477bc.html,男,翻,女,,,2018年03月02日,1个回答,,
预产期7.18号，唉二胎压力山大啊头胎是儿，14周检查也是儿希望,https://baobao.baidu.com/question/a9bf233579b277ef86ca066686229d28.html,女,女,女,,,2018年03月02日,2个回答,,翻
有没有宝妈的？？,https://baobao.baidu.com/question/3b68ce527523f97d15945eb070ba9664.html,男,翻,女,,,2018年03月02日,1个回答,,
孕妇怀孕5个半月，检查是宝，后期还会换胎吗？我希望啊……😂😂😂,https://baobao.baidu.com/question/fe4cc390d0f62a5f7686870aa9572486.html,男,男,翻,,,2018年02月26日,1个回答,,女
宝妈们，有没B超检查是宝，生了后是宝的，机率大不，跪求🙏🙏🙏🙏,https://baobao.baidu.com/question/259d9965f01e57b05d4271e7a4fc9918.html,男,女,男,,,2018年02月26日,2个回答,,翻
跪求宝一枚，求,https://baobao.baidu.com/question/1cc6afc850d33816e0bfc0857f80926e.html,女,男,翻,,,2018年02月26日,1个回答,,女
做了两次检查都是宝，自己总觉得是宝，希望吧，也希望自己的感觉是准的,https://baobao.baidu.com/question/c5f340bacb529e9c4bb3886105dd9420.html,男,女,男,,,2018年02月25日,1个回答,,翻
请问三个月做彩超看性别，有没有的宝妈！,https://baobao.baidu.com/question/04cff129337183d91f341766134caa3f.html,女,翻,男,,,2018年02月24日,3个回答,,
二胎做梦都想要个闺，今天B超说是儿子，好失望啊，希望，菩萨保佑,https://baobao.baidu.com/question/42053744b19dbe2c5f93a69a7e9cb1fb.html,女,男,翻,,,2018年02月23日,0个回答,,女
有宝妈的吗,https://baobao.baidu.com/question/fc5e9a1fdf1fc72cd32a545dff2ffdc6.html,女,翻,男,有没有宝妈怀孕五个月做BC检查孩生下来是孩的？想要个宝宝,女,2018年02月17日,11个回答,男,
耶稣保佑🙏🙏🙏,https://baobao.baidu.com/question/54b08578119fb444ff872980c14caece.html,男,翻,女,不知道二胎是还是的，但是希望能生个的！🙏🙏🙏,男,2018年02月17日,31个回答,女,
跪求宝宝宝宝,https://baobao.baidu.com/question/65dec71261d2eac74397251debd92e21.html,男,翻,女,压力好大啊！希望医生看错了，我想要宝宝,女,2018年02月14日,2个回答,,
希望我🙏🙏🙏🙏🙏🙏，宝在我腹中,https://baobao.baidu.com/question/7f255659598a207377d093aea78e3933.html,男,翻,女,,,2018年02月10日,2个回答,,女
的可能性大吗？,https://baobao.baidu.com/question/7331819fb50b32bcb7346c9f47f7d4d6.html,女,翻,男,16周找人做B超检查说60%像孩，说孩子的屁股在底下，看得不是很清楚，不知道有没有盘的机会？因为老大是儿，好像凑个好字。二胎到现在怎么感觉胎动都不是很明显呢？我平时还没事要抱老大呢，不知道有没有,女,2018年02月07日,4个回答,翻,
怀孕16周，今天中午查性别说是，不知道能吗？,https://baobao.baidu.com/question/7b068635e13141db9bfcf1b1c28dddda.html,女,女,翻,😚,,2018年02月06日,3个回答,,男
看了好多都是的，难道就没有的嘛,https://baobao.baidu.com/question/f594377502425d58ad1dbdb3945c31d2.html,女,翻,男,,,2018年01月30日,2个回答,,男
求成功,https://baobao.baidu.com/question/3acf312863576cc37ec1b3602b158aa3.html,男,翻,女,二胎想要孩，今天去查说是孩，希望可以盘，求腹中是健康宝,女,2018年01月25日,3个回答,男,
有的宝妈吗？跪求我2018成功，接健康宝宝到我肚里来！,https://baobao.baidu.com/question/3da29513ec357103c4fa079505f13898.html,男,翻,女,,,2018年01月25日,1个回答,女,男
今天做了B超，可是又是儿子，可我想要儿，儿，儿，好希望啊,https://baobao.baidu.com/question/d5e3798c6cc65cd4fc219de935a69fbc.html,女,女,女,,,2018年01月20日,1个回答,,男
请问大家有没有的可能啊！想要个宝宝！,https://baobao.baidu.com/question/eeefc36a3c957844b2a7ce997f2468a0.html,女,翻,男,,,2018年01月20日,2个回答,,男
亲们，有没有照四维准不准的？我第一个是宝，结果第二胎是宝，真希望,https://baobao.baidu.com/question/bb53f049b7f3bbacb526f6585686cbf9.html,女,女,女,,,2018年01月20日,2个回答,,翻
期待,https://baobao.baidu.com/question/004e0d0244986dc8848f94fe3a8e0157.html,女,翻,男,刚知道怀孕医生不知道怎么化验的尿 说是85%孩  过段时间买的试剂颜色不变说明孩   两个月的时候 抽的静脉血说是96%孩   现在三个多月四维彩超两个地方都说是孩  我问有盘的可能么 他们,男,2018年01月19日,3个回答,女,
的例子有吗,https://baobao.baidu.com/question/8bca3a42083b82429c7e102169861802.html,男,翻,女,有没有宝妈月份大了查是宝生宝的,男,2018年01月18日,1个回答,女,
有没有的可能！,https://baobao.baidu.com/question/3e303a47dc25dd921b8931bd42fb9ad5.html,女,翻,男,,,2018年01月18日,3个回答,,
孕16周去检查宝，求，你们说有没有这种可能啊！,https://baobao.baidu.com/question/fcca5dccedb553856ced42d26e61b587.html,女,女,翻,,,2018年01月17日,5个回答,,男
天天 晚上做梦的是生、希望,https://baobao.baidu.com/question/9567315ad3e2c72eb860c6190b4b0247.html,女,女,翻,同事,,2018年01月17日,2个回答,,男
我已有了三个儿。这胎第四胎做黑白B超还是孩。好矛盾想生下。不知道还能不,https://baobao.baidu.com/question/11c8e9c90fbbf5047de528eeeeeb188a.html,女,女,女,,,2018年01月17日,1个回答,,翻
有的吗,https://baobao.baidu.com/question/b6017db2f80a8e64a541aafdb7555827.html,男,翻,女,有没有宝妈是的呢,男,2018年01月12日,1个回答,翻,
二胎三十七周+一了，一胎剖二胎也只能剖心里有点小怕!四维宝，希望哦!,https://baobao.baidu.com/question/c0b4138fdee57e4faaf49e54c12c2c58.html,男,男,翻,,,2018年01月07日,2个回答,,女
有没有宝妈是的？？,https://baobao.baidu.com/question/26d2335f8194b41a140bd1d3bd741fce.html,男,翻,女,,,2017年12月30日,0个回答,,
孕15周bc检查宝，的机率大吗？,https://baobao.baidu.com/question/335875b863a5d3e9f2a22f08f0954391.html,女,女,翻,,,2017年12月29日,3个回答,,男
孕15周+5天医生说胎儿小看百分之八十是孩，说孩几率大，有的吗,https://baobao.baidu.com/question/5bd95d057170f6d20efca9ebc9d57aab.html,女,女,女,,,2017年12月23日,2个回答,,翻
的机率大吗？,https://baobao.baidu.com/question/9e7c277175fd0ab19dd9ddf48e2b1772.html,女,翻,男,,,2017年12月14日,1个回答,,
孕30周，有的宝妈吗？,https://baobao.baidu.com/question/0bccf911aca7ddb52a4dba3d20449b32.html,男,翻,女,有的宝妈吗,男,2017年12月12日,0个回答,翻,
请问各位宝妈，有b超的经历吗？,https://baobao.baidu.com/question/4a6c6fb2aba1a5611ad5ddda84579e8a.html,女,翻,男,今天去查b超，医生说是宝，而全家人都希望怀的是宝，压力好大，好郁闷呀，期待奇迹出现能。,女,2017年12月04日,2个回答,男,
的有吗？,https://baobao.baidu.com/question/34d8e21ac64ec50e6b6507a3da0ee521.html,男,翻,女,今天去检查了，说是孩，可是大宝已经是个孩了，想凑个好字，不过检查的时候说是体位不正，孩的可能性很大，但是我想要宝啊！有成功的宝妈吗？,男,2017年12月04日,1个回答,男,
请问各位宝妈有b超的经历吗？,https://baobao.baidu.com/question/31f4e10a9160821b8320f636bfa004d7.html,女,翻,男,,,2017年12月03日,2个回答,,
有b超的宝妈吗？,https://baobao.baidu.com/question/5dbaa698428c769a2f8f832e5b08bae2.html,女,翻,男,,,2017年12月02日,0个回答,,
五个多月会吗,https://baobao.baidu.com/question/1214aaadc8f5187199c1b4ce82a2ab02.html,男,翻,女,,,2017年11月17日,2个回答,,
的有没有？,https://baobao.baidu.com/question/4fbc12f595e8522b5d5a100a4bdd57c6.html,男,翻,女,昨天查B超说是孩，可是大宝已经是个孩了，我想要个姑娘，不过检查的人又说体位不太正，不过孩的几率还是很大，怎么办有没有宝妈的？,男,2017年11月17日,1个回答,男,
有没有,https://baobao.baidu.com/question/8bb380c74040c7fb22bb31be28c491a7.html,男,翻,女,今天去检查，说体位不正不过百分之八十是孩，我大宝自己是个穿裤子的了，我想要穿裙子的，有没有宝妈有的经历？,男,2017年11月17日,1个回答,女,
有宝宝的吗。,https://baobao.baidu.com/question/c8c149a9f19952784e2336bbda95f75e.html,女,翻,男,谁要宝接走吧！我要宝,女,2017年11月15日,0个回答,男,
有宝宝的吗,https://baobao.baidu.com/question/7cabd9597addca96561e79add2bc69a0.html,女,翻,男,宝妈们有的吗，回答我一下,女,2017年11月14日,0个回答,翻,
'有没有的例子啊。第三胎又是说是3孩挺好的，这也需要勇气接受宝宝,https://baobao.baidu.com/question/97ecbeb5d41c68def21c8ca77a30c20c.html,女,翻,男,说是3孩挺好的，这也需要勇气接受,女,2017年11月14日,2个回答,,女
有没有,https://baobao.baidu.com/question/32f360b47289a93baa7c2831d576bb9a.html,女,翻,男,有没有4个月之前做b超都是孩，生下来是孩的,女,2017年11月09日,1个回答,男,
的几率大吗,https://baobao.baidu.com/question/d64ed4791d16ae13de13a32c1c3f2a25.html,男,翻,女,,,2017年11月06日,1个回答,,
愿成功,https://baobao.baidu.com/question/7c29e8363889f08cdd6dd1066c32884f.html,女,翻,男,,,2017年11月06日,0个回答,,
宝妈们，有没有的，做彩超准吗？,https://baobao.baidu.com/question/252025361c096d532981149facd7d8ed.html,女,翻,男,,,2017年11月05日,2个回答,,男
有没有可能的可能啊？？,https://baobao.baidu.com/question/d3b8114cabe46bc777151589f372ce00.html,女,翻,男,大宝是孩，二宝希望是孩，有儿有凑成一个“好”字，多好啊，偏偏上天不如我所愿，上周去照医生说是孩😵，现在天天在祈祷！,女,2017年11月02日,1个回答,男,
有31周检查的吗？,https://baobao.baidu.com/question/8df8a255e2e675d95167da3a5ab396f1.html,女,翻,男,,,2017年10月27日,2个回答,,
今天是三个月半了，去做B超说是孩，有没有可能是看的不准，希望能,https://baobao.baidu.com/question/a2a8079462eaf1b15eeb3ce279fb4e58.html,女,女,翻,,,2017年10月26日,1个回答,,男
会吗？,https://baobao.baidu.com/question/f2de12eefba3c359265f889631554979.html,女,翻,男,今天去照了B超说是孩，现在怀孕四个多月了，曾经做梦梦到过蛇，第一胎孩，想要儿双全，二胎会吗？,女,2017年10月24日,0个回答,女,
希望,https://baobao.baidu.com/question/e8ccc55e21942f67afdb95873c456f3b.html,男,翻,女,希望,男,2017年10月22日,3个回答,翻,
头两个是孩第三胎三个月看是孩可六个月查是孩，有希望吗？,https://baobao.baidu.com/question/a6ea4b5d993df678976f7f85f857c76a.html,女,男,女,,,2017年10月19日,2个回答,,女
希望,https://baobao.baidu.com/question/c14ccdadb21ccfb8b13f595b20454e44.html,女,翻,男,三个月看是孩六个月又去看了下说是孩，头两胎是孩，第三胎好想要个孩，能再吗？,男,2017年10月17日,0个回答,女,
有的吗？,https://baobao.baidu.com/question/11fcc4edeb399b8a3694d861a8e5d4bc.html,男,翻,女,今天查了bc，说是孩，有的吗？,男,2017年09月09日,0个回答,男,
有没有宝妈晚上做梦梦见自己快生时医生说是孩，过会生出来发现是孩，能看到生殖器官，刚生下来还会站着，已经做两次梦到了，会不会是反梦!,https://baobao.baidu.com/question/9e3a9ab9d339993451d775c2eb43ab1b.html,女,男,女,有没有宝妈晚上做梦梦见自己快生时医生说是孩，过会生出来发现是孩，能看到生殖器官，刚生下来还会站着，已经做两次梦到了，会不会是反梦!,女,2016年01月23日,1个回答,男,翻
宝宝的生殖器可以出来洗吗？,https://baobao.baidu.com/question/3bc947f825a2850624a8e378cfebcc12.html,男,翻,,几个月的宝宝生殖器里面有白白的尿渍要出来清洗吗？,男,2020年06月27日,1个回答,翻,
四个半月宝宝最近俩三天发现向下看时会把黑眼珠下去露出眼白，一秒会恢复正常,https://baobao.baidu.com/question/e9e2eac6fc3f352286b0bc1bf9f226f6.html,男,翻,,,,2020年05月06日,0个回答,,
一岁三个月的宝宝头后有一圈头秃是缺钙的表现吗晚上睡觉不踏实，不停的,https://baobao.baidu.com/question/270a726c8ef2380e8e5f2a42055e485f.html,女,翻,,,,2020年02月18日,0个回答,,
三岁二个月宝宝晚上睡觉老是来去，跟我们一起睡的，你们的是分床睡的还是一起睡,https://baobao.baidu.com/question/ac04d793d327a0049050c70cac959242.html,女,翻,翻,,,2020年01月11日,0个回答,,
宝宝多大需要把包皮上来清洗,https://baobao.baidu.com/question/a20de920a8046cf79a64dc46ac0983dd.html,男,翻,,,,2019年12月22日,0个回答,,
三岁宝宝晚上睡觉老是来覆去睡不踏实，还说一些莫名其妙的话，感觉脾气很焦躁，,https://baobao.baidu.com/question/18b2ee3a7b3341bd569ea618320f36cd.html,女,翻,,,,2019年12月15日,0个回答,,
有女孩的可能吗？,https://baobao.baidu.com/question/3e9dc9b01b09e3237333beb78dc0dd18.html,男,翻,,,,2019年10月24日,1个回答,,
14个半月宝宝 晚上睡觉困难 睡着以后总醒 来覆去的,https://baobao.baidu.com/question/15879b3090fdf028df720715dd0a9816.html,男,翻,,以前有奶睡的习惯 也是睡着以后 每隔一俩个小时就来覆去一喝几口奶就睡了 一晚要醒4到5次 在宝宝奶奶家住了7天晚上没有给安抚奶嘴和喂奶 但是睡的还是老样子,翻,2019年09月23日,0个回答,,
宝宝二十二个月小鸡鸡头里边有小白色怎么洗，因之前边缘有出来清洗掉了现在又有？,https://baobao.baidu.com/question/c9bbd86af56b591b5b50db93e5320096.html,男,翻,,,,2019年05月12日,1个回答,,
三个半月检查是女孩，还有机会吗,https://baobao.baidu.com/question/b21a595e4bda62ea916acff415dd62fd.html,翻,男,,,,2019年04月30日,2个回答,,
8个月宝宝晚上睡觉不盖被子来去的怎么回事？,https://baobao.baidu.com/question/0060aa397d2772afe59c7880fc531c9c.html,女,翻,翻,,,2019年03月07日,1个回答,,
2岁晚上睡觉来去打滚踢被子总爱趴着睡，白天睡得很好，大小便正常精神也好,https://baobao.baidu.com/question/029682617e63aa0572d1adf1eeab0dcf.html,男,翻,翻,,,2019年02月28日,0个回答,,
一岁零几天的宝宝哭得很厉害晕了，还有一点点抽搐（一点点）白眼,https://baobao.baidu.com/question/4f1526bc029101bcbb0eae0123d9fa4e.html,男,翻,,一岁零几天的宝宝哭得很厉害哭晕了，还有一点点抽搐（一点点）白眼，过了10几秒就回过来了，这是怎么的,男,2019年02月22日,1个回答,翻,
你好。我想问下大家我末婚朋友生下个仔2年了回娘一直无来抛弃个仔,https://baobao.baidu.com/question/e66ecffe6d7c2c8d6ebd592ae3fc9fa3.html,女,翻,,去我岳父家我末婚朋一直玩失踪逃避依家个仔都2岁了，问我岳父要我未婚的老婆号码,女,2019年02月18日,0个回答,,
七个月的宝宝，晚上睡觉经常来覆去睡不踏实，醒来就哭怎么办,https://baobao.baidu.com/question/48a2ad22f14d9c2fc803dd744f0faa03.html,男,翻,,,,2019年01月10日,0个回答,,
9个月宝宝 晚上睡觉总是来覆去的怎么回事？,https://baobao.baidu.com/question/69fa5bcf0333fb5b4d406c388175d129.html,女,翻,,9个月宝宝 晚上睡觉总是来覆去的，睡睡觉就坐起来了，看你一眼然后就趴你身上，然后再来回动,女,2019年01月08日,4个回答,翻,
宝宝1岁8个月，晚上睡觉睡不沉，来覆去,https://baobao.baidu.com/question/cd372e5f3c166d3f75e4c1f56f5b408f.html,男,翻,,,,2019年01月03日,1个回答,,
宝宝，五个月零十七天，睡觉喜欢来去，夜间爱哭。,https://baobao.baidu.com/question/5ba621853ae8b494cdfd7373bb0e6aa2.html,男,翻,翻,宝宝经常将头放在枕头上摇来摇去，爱挠耳朵，有时候睡着睡着就身爬起来哭。,翻,2018年12月26日,0个回答,,
三个月的宝宝的包皮口很小！不上去，这正常吗？,https://baobao.baidu.com/question/dd059124e75ca4a2cbb3965b9ed95898.html,男,翻,,,,2018年11月27日,1个回答,,
22周+1天，去检查说是宝宝，有没有可能女宝,https://baobao.baidu.com/question/aab2e80118f26c344029cacfc2f929eb.html,男,翻,,,,2018年10月31日,2个回答,,
我家宝宝十一个多月、、晚上为什么不好好睡觉、总是过来过去、整夜不婷给他盖被,https://baobao.baidu.com/question/6abb6cd5d78c71951f50b6c34f843131.html,男,翻,翻,,,2018年10月30日,2个回答,,
两岁宝宝突然夜间一点到五点之间每晚哭，在床上来去,https://baobao.baidu.com/question/627488f8d0492917a17bd71e610284e5.html,女,翻,翻,两岁宝宝突然夜间一点到五点之间每晚哭，在床上来去，有时候不让人碰，有时候要我抱上，一会就不哭了，而且每次都是糊里糊涂的哭闹，把他叫清醒之后就不哭了。持续一个多月了，真不知道如何是好,女,2018年10月13日,0个回答,翻,
宝宝15个月一直睡觉都不好只要过11点就一直来覆去到早上都睡不眠,https://baobao.baidu.com/question/30ee4a6fb60aeac61beb573d8dcd29cd.html,男,翻,,,,2018年10月09日,1个回答,,
跪求二胎男宝！阿弥陀佛！！🙏,https://baobao.baidu.com/question/73bcb0adb296148f3c15f72dc95a8a12.html,女,翻,,,,2018年08月18日,4个回答,,
宝宝到底要不要包皮,https://baobao.baidu.com/question/2fb70fedbe3100735edccf29466f9202.html,男,翻,,我家宝宝7个月了  上星期去看医生 医生说要经常给宝宝包皮 可是我回家给他 却总是不出来  要怎样 到什么程度？给宝宝到底要不要包皮阿？还有我看到BB的包皮红红 要不要紧阿？,翻,2018年03月21日,1个回答,翻,
问下儿科医生，给宝宝洗澡需要把包皮过来洗干净吗,https://baobao.baidu.com/question/8fd14a7adc0aadbc2b396dacb76d47c9.html,男,翻,,问下儿科医生，给宝宝洗澡需要把包皮过来洗干净吗,男,2018年07月27日,0个回答,翻,
宝宝五个月，老喜欢侧着睡然后就趴着睡，给他过来又趴过去了，趴着睡好吗？是宝宝,https://baobao.baidu.com/question/c9586743a6fe9d7afa119a6314b6c942.html,翻,男,,,,2018年07月31日,0个回答,,
三个月零三天，医生说是个男孩。能吗？,https://baobao.baidu.com/question/97292e6c2a9a1fb51a848dc76a0af020.html,翻,女,,,,2018年07月05日,1个回答,,
六岁宝宝半夜睡觉来覆去很烦躁，说浑身难受,https://baobao.baidu.com/question/cb2f126b2a8865a9fe31487190644a87.html,女,翻,,,,2018年05月13日,1个回答,,
十七周加三B超女孩，能吗？,https://baobao.baidu.com/question/4f357cee2c9536a5488496214590bf83.html,翻,男,,希望女，十七周多不知道照的彩超准不准，哎，失落，凑不成“好”字了,翻,2018年05月05日,3个回答,男,
宝宝尿道口像针眼那么小也不动。,https://baobao.baidu.com/question/116de728ea35e654f0fbc4d0d1962e1e.html,男,翻,翻,,,2018年04月05日,0个回答,,
宝贝两个月，昨天突然发现包皮上后有好多白色东西，洗了下，请问能洗吗，都红了,https://baobao.baidu.com/question/644a58ac8fab936074feefde8f1876c6.html,男,翻,翻,,,2018年04月02日,0个回答,,
五个月十三天，宝宝还不身，好懒，帮她她确不，,https://baobao.baidu.com/question/b76d433a32e184ec038dc18c2b015d7a.html,女,翻,翻,宝宝还不会，但是能自己坐两三分钟了，逗下不倒还能坐久一点，五个多月了还不，为什么呢？？？,翻,2018年04月01日,4个回答,翻,翻
宝宝六个多月发热，挂水第二天后宝宝老是挤眼，然后往上白眼，怎么回事？,https://baobao.baidu.com/question/be900dff198ef489d14c17102c79edbd.html,男,翻,,,,2018年03月31日,0个回答,,
我家宝宝5个月身高69体重6.8身的很好！睡眠很差睡着时间短老惊醒哭闹白天,https://baobao.baidu.com/question/3b5c09fd4e024318070c3e2eda747898.html,男,翻,翻,,,2018年03月13日,1个回答,,
一周零两个月的宝宝最近大便很干，有点感冒，晚上睡觉总是来覆去睡不着，总爱哭，,https://baobao.baidu.com/question/3848df88f4bc66657762a7fc7cf764e4.html,男,翻,,,,2018年03月08日,0个回答,,
三个半月bc女宝可能嘛？,https://baobao.baidu.com/question/ceda4e7dd13b6f6eaf74007273f4e9b4.html,翻,男,,三个半月女宝有的嘛？,翻,2018年02月11日,1个回答,男,
婆婆爱你东西，咋办啊？同胞们,https://baobao.baidu.com/question/a85490d9ddd388eb4e22dc18c75f460f.html,翻,女,,什么都爱，无论是抽屉，还是厨子，还是盒子，都的看看，最可气的事，有次回老家，我的包，只能放钥匙手机钱包的那种，也要看，每次看见她都有看见贼一样的感觉，真是够够的了,翻,2018年01月25日,7个回答,,
孕30周，有女宝妈吗,https://baobao.baidu.com/question/7db78a24d59363b13a179c5242f4916b.html,男,翻,,,,2017年12月12日,0个回答,,
20周了今天B超说是男宝，好像哭会一直感觉像孩👧希望有的可能,https://baobao.baidu.com/question/f6356bf65743ba4a2936a10ee1485b2f.html,女,翻,女,,,2017年12月01日,1个回答,,
一岁半宝宝晚上睡觉老来去的啥原因,https://baobao.baidu.com/question/60c5fef1087b11fa29b60c14f21d8b93.html,女,翻,翻,,,2017年11月20日,2个回答,,
做彩超男孩！！！！！能宝吗？？？？好希望是宝宝,https://baobao.baidu.com/question/ebb914c0b0b18cafe32907e8221a417a.html,翻,女,女,,,2017年11月14日,2个回答,,
宝宝，一百天了，还不会身，天天也帮助他，他自己没那种意识怎么办,https://baobao.baidu.com/question/176f783aed7a51d782de42407680c6ba.html,男,翻,翻,,,2017年11月10日,2个回答,,
10岁小孩跟头时手腕胳膊肘疼,https://baobao.baidu.com/question/717aa78dad43fb305c9d6baa28fde6ff.html,女,翻,,这几个星期他去练舞，练舞时老师叫大家跟头，他回家之后就练，说手腕和胳膊肘有点疼，不练的时候也只一点点疼，那个手用力伸出去还是痛妈，为什么会这样呢？,翻,2017年10月05日,0个回答,,
3岁宝宝睡到半夜就开始来覆去的，就现在天气就盖一天毛巾，她还说热，是怎么回事,https://baobao.baidu.com/question/fdf71da8fa1e986121508f36a709925f.html,女,翻,,,,2017年09月15日,1个回答,,
宝宝五个月，老喜欢侧着睡然后就趴着睡，给他过来又趴过去了，趴着睡好吗？是宝宝,https://baobao.baidu.com/question/71f48861f4ee29ecb3ac4f53730789bd.html,翻,男,,宝宝五个月，老喜欢侧着睡然后就趴着睡，给他过来又趴过去了，趴着睡好吗？是宝宝,翻,2016年03月22日,3个回答,男,
宝宝八个月了，从小没怎么带过纸尿裤，都是把尿，晚上也把，最近有些叛逆，晚上把尿不尿，放下就尿床，带上纸尿裤睡觉吧，夜里有尿也不尿，憋着，但是老来去，夜里都,https://baobao.baidu.com/question/340d8b00c3212686d639ea0d17cb6600.html,男,翻,翻,睡不好觉。早上起来尿不湿上基本没尿， 把尿 能把非常大一泡！这种情况妈妈该怎么办呢？,,2014年12月30日,1个回答,,
3岁半宝宝喊小鸡疼，开后发现包皮肿，有一条长血痕，包皮往下时有轻微出血。烦请医生帮我看看，及,https://baobao.baidu.com/question/07e268ba362b3dd830c0ba8f322f15d2.html,男,翻,翻,3岁半宝宝喊小鸡疼，开后发现包皮肿，有一条长血痕，包皮往下时有轻微出血。烦请医生帮我看看，及时回复我，万分&#128591;！,男,2016年10月24日,1个回答,翻,
"孕妇梦见一个的眼里进了一只灰老鼠,老鼠和眼融合了，眼一往上就能看见老鼠尾巴，而这个人也很困",https://baobao.baidu.com/question/0beebd2a6fd7d2d9665158223aac9ad9.html,男,翻,男,考虑要不要动手术把老鼠和眼睛分离，但是手术都是有风险的，正在考虑当中,,2016年03月18日,1个回答,,
我家宝宝四个月，做体检，医生说宝宝包茎，包皮不能全部的上来，只能露出一点点龟头，需要做包皮扩张,https://baobao.baidu.com/question/db7a0c1bd41a620b262d779417739dc1.html,男,翻,,我家宝宝四个月，做体检，医生说宝宝包茎，包皮不能全部的上来，只能露出一点点龟头，需要做包皮扩张手术，结果让我们交了三次手术的钱，已经做了一次，回来没几天又长回去了，请问，下次还要做吗？百度说四个月,男,2016年09月22日,1个回答,翻,
是是无所谓，有些人伪劣的骗术，一下就能看出来，我就纯粹的想换图,https://baobao.baidu.com/question/08110aa857d970f94ef71a6b2237cdff.html,男,女,,妈的，没有图，你来换你妈,,2020年11月05日,3个回答,,
👀 我 15 发育情况不知道，想找人对比一下    当然 只找,https://baobao.baidu.com/question/3ccd89fc5a7e7338644f45b63d84ba84.html,男,女,,,,2020年11月05日,1个回答,,
现在孕22+3，一直好奇肚子里面的是宝宝还是宝宝，合肥哪里可以查的？,https://baobao.baidu.com/question/c913839e6799b025fabc6e9e6e46d44d.html,男,女,男,合肥哪里可以查胎儿性别？,,2020年11月05日,0个回答,,女
一胎37周+顺产孩，现在二胎39周+3天，还没有动静，大家能看出是是孩？,https://baobao.baidu.com/question/098cb74cf5343e39bc008d1aac045146.html,女,男,女,,,2020年11月03日,0个回答,,
能看出是是了吗,https://baobao.baidu.com/question/62ecee27410a0ee20508eb97a740c586.html,男,女,,,,2020年11月03日,0个回答,,
军人年龄未到25岁规定结婚年龄，朋友未婚先孕了我该怎么办？,https://baobao.baidu.com/question/fa9d55692ffd9cfe88a18e51532f2cb6.html,男,女,,我是军人，但是年龄没有达到规定的结婚年龄，然后朋友怀孕了，我们又想生下来，有什么两全其美的办法吗？麻烦大家了帮我想想办法 很着急很着急  谢谢您们！,女,2020年11月02日,0个回答,,
用酒精测，看看是是,https://baobao.baidu.com/question/a1fe3b82734df5fddbb594b6f867ecac.html,男,女,男,,,2020年11月02日,0个回答,,女
我朋友他有有朋友了,https://baobao.baidu.com/question/ee74817d82653b724a9b4fd8d5859d3e.html,男,女,,,,2020年11月02日,0个回答,,
各位帮看看是是,https://baobao.baidu.com/question/1795b3295adb5a994d5a584bc2362ab1.html,男,女,,,,2020年10月30日,0个回答,,
兔马，孩子生牛虎龙兔里选择两个的话，求指点，谢谢,https://baobao.baidu.com/question/8acc12b91424d5da50f744b664a2eec7.html,男,女,,,,2020年11月01日,0个回答,,
15岁找初中h.k,https://baobao.baidu.com/question/5d97006c784238158d95742b7a69289c.html,男,女,,如题13-16岁 h.k私我,,2020年10月31日,0个回答,,
16周bc是宝宝和22周bc又是宝宝,https://baobao.baidu.com/question/15be00f12c5c14ee9847a191dfa3897b.html,男,女,,,,2020年10月30日,0个回答,,
有的hk吗，我的，最好10到16,https://baobao.baidu.com/question/e2747011a8dc7aacbc71a8ae9b069db9.html,女,男,,,,2020年10月29日,0个回答,,
有12至14岁的生hk吗？本人15岁，的不要，除非是那种颜值特别高的,https://baobao.baidu.com/question/a546306cbe11bced1d9b00ef87a3590a.html,女,女,男,,,2020年10月28日,8个回答,,
有没有互看一下下面的，本人感觉下面很痒，的也可以,https://baobao.baidu.com/question/9aaa6eace83e5eb7e31eee333dcbb7aa.html,女,男,,十三到十五,,2020年10月25日,22个回答,,
找主生了小孩偷偷放到主门前，后来因为舍不得又去照顾小孩的言情小说，是一个系列的,https://baobao.baidu.com/question/3c390c3d8afe99cc6c5654780380a51f.html,女,男,,,,2020年10月21日,2个回答,,
生育🙃,https://baobao.baidu.com/question/ea5f8573fe20b45e2d8d31cd21943538.html,男,女,,,,2020年10月19日,0个回答,,
生准不准生,https://baobao.baidu.com/question/738bcbbb73b912a5e52aad58b22b513d.html,男,女,,老人说末次月经上半月来的生孩，下半个月生孩多，,男,2020年10月16日,0个回答,女,
孕50天时孕囊数据是15 37 13是宝宝还是宝宝呢？挺好奇的,https://baobao.baidu.com/question/1530e85788ae9d016837a3a00e39db00.html,男,女,,,,2020年10月14日,0个回答,,
FER铁蛋白6.422-32210-322啥意思,https://baobao.baidu.com/question/1256b04e0d26e9fcf309ef7e9544a9af.html,男,女,,谁知道是什么意思求解答,,2020年10月12日,2个回答,,
今天22周+5天帮忙看下宝宝还是宝宝,https://baobao.baidu.com/question/e2cec2f1513b7b5b02f31cc500db2b0d.html,男,女,,,,2020年10月09日,0个回答,,
宝妈们  帮我看看  我这怀的宝宝还是宝宝啊  谢谢啦,https://baobao.baidu.com/question/f932ea00e7704fdba801b331f7c3777e.html,男,女,,,,2020年10月08日,0个回答,,
找初中hk，我初中，私信哦~,https://baobao.baidu.com/question/bb87303b69fe4706b0a92459b02fd3d7.html,女,男,,同上,,2020年10月07日,0个回答,,
看孕囊图片，看出宝宝还是宝宝说法准吗？,https://baobao.baidu.com/question/9e61f2ee9969a11afb764496056da21a.html,男,女,,会看的帮忙看一下孕囊图片！,,2020年10月07日,0个回答,,
找h。。。。k，我,https://baobao.baidu.com/question/fb1c0b0c2fb59517ff24ded6ef7cd96f.html,女,男,,,,2020年10月06日,0个回答,,
四维通过谁能帮我看看是宝宝还是宝宝,https://baobao.baidu.com/question/6dc28b7f13850d0dfd492985f46b6ea0.html,女,男,,,,2020年10月06日,0个回答,,
为什么传的概率为什么低？,https://baobao.baidu.com/question/75b2be90d2d18e1e92c78732729db143.html,女,男,,,,2020年10月05日,1个回答,,
备孕前需不需要去检查月份再怀，因为要检查怀怀,https://baobao.baidu.com/question/77c4d65b6e1bedfb470395484c7e1f05.html,男,女,,,,2020年10月04日,0个回答,,
怀孕五个月双胞胎大小正常吗？能看出是宝宝还是宝宝吗，非常好奇,https://baobao.baidu.com/question/82c50ad281c6da876b938500454ede50.html,男,女,,怀孕五个月双胞胎大小正常吗？能不能看出是宝宝还是宝宝啊，纯属好奇,男,2020年10月04日,0个回答,女,
我老婆怀孕16周了，谁能帮我看一下我家是宝宝还是宝宝，谢谢😜,https://baobao.baidu.com/question/2f5b280a39a001c8602c03f7349e3c34.html,男,女,,,,2020年10月03日,0个回答,,
13岁孩子的胸和下面，长什么样？找,https://baobao.baidu.com/question/9686394f946c8cda235ef4cef7eb7af2.html,女,男,女,,,2020年11月06日,5个回答,,
生 14～16岁HK 来勿来,https://baobao.baidu.com/question/ab71f5ae842efd9b2759ba528218bf45.html,女,女,男,,,2020年10月02日,15个回答,,
有宝宝换宝宝的。,https://baobao.baidu.com/question/02e5615a24d663b29ff6adb4ab0996c1.html,男,女,,,,2020年10月02日,0个回答,,
怎样判断是是,https://baobao.baidu.com/question/9277a76dcb3ac683dc9682ba97274b7b.html,男,女,,,,2020年10月01日,0个回答,,
，12岁，五年级，鸡鸡有过小便刺痛，尿道口红肿，出现白色粘液，插过同学阴道,https://baobao.baidu.com/question/cf49b1063de2050b73d5cc0147c4fde1.html,男,女,,,,2020年09月29日,9个回答,,
，染色体七号八号长臂易位，正常，能生出健康宝宝吗？有人知道吗,https://baobao.baidu.com/question/5f541c58ff6d5993d74f23edfe59d14b.html,女,男,,一胎染色体异常，二胎会健康吗？,,2020年09月28日,0个回答,,
谁能帮我看看是是,https://baobao.baidu.com/question/98b3412b20ce5cea5cb9323aa1d7c3c9.html,男,女,,,,2020年06月21日,0个回答,,
三代和四代能结婚生孩子吗 算近亲吗,https://baobao.baidu.com/question/09c5d98babf89c42632f7ffb115a253f.html,男,女,,的爷爷和的外公的爸爸是亲兄弟 现在算是的外甥 这个算是近亲结婚阻止的范围吗,男,2020年09月27日,1个回答,女,
传基本不用考虑吗？,https://baobao.baidu.com/question/9b11cd8179a24aa664cfaabdb7648ed6.html,女,男,,,,2020年09月26日,1个回答,,
13岁孩子的胸和下面，长什么样？找,https://baobao.baidu.com/question/278d87ac1e09bb4deb127385b7ba34d7.html,女,男,女,,,2020年11月06日,2个回答,,
HR152是还是,https://baobao.baidu.com/question/1808cfeb29b1ac2a4379c9ca7525bfdd.html,男,女,,,,2020年09月25日,0个回答,,
帮我看看是宝宝还是宝宝,https://baobao.baidu.com/question/a64dbfaa0488eea5bebf5e56c02da7c0.html,男,女,,,,2020年09月24日,0个回答,,
大家猜猜是宝宝还是宝宝，好好奇呀，😍好可爱啊,https://baobao.baidu.com/question/ee3ac0ec2598ca1b14581415934cb2c0.html,男,女,,,,2020年09月23日,0个回答,,
六个月做的四维彩超帮忙看看是是,https://baobao.baidu.com/question/07005c321b37902bcf1165f066729da9.html,男,女,,欢迎有经验的宝妈替我解答,,2020年09月22日,0个回答,,
属马属鸡，生什么属相的宝宝好,https://baobao.baidu.com/question/abbd90bdb164b5c2165f952072d8447e.html,女,男,,,,2020年09月20日,0个回答,,
"前后径49mm,孕囊35*21mm能知道是是吗？在线等",https://baobao.baidu.com/question/a9653185b93be97d787c0479143659f4.html,男,女,,,,2020年09月20日,0个回答,,
hk找，13,https://baobao.baidu.com/question/536ef0de49e375ca8b9a1b766ebb9133.html,男,女,,年龄相同私可长期，骗子网图滚,,2020年09月19日,1个回答,,
谁能帮我看看是是？,https://baobao.baidu.com/question/e1a7eeadbebd0914325da75f9df76b6d.html,男,女,,,,2020年09月19日,0个回答,,
有没有    h……k的,https://baobao.baidu.com/question/3f7a022ffacd4b3ce2229cd5df11c8ce.html,男,女,,我,男,2020年09月19日,1个回答,,
帮我看看是宝宝，还是宝宝,https://baobao.baidu.com/question/354bdcc9390a52f0d1943eb4e8b68052.html,男,女,,,,2020年09月18日,0个回答,,
，16岁，在月经期间和朋友ML，没戴套套。会容易引发妇科病吗？我我现在该怎么注意卫生？用妇炎洁洗...,https://baobao.baidu.com/question/392ac3defbffc8ee3141aed466c0bedc.html,女,男,,，16岁，在月经期间和朋友ML，没戴套套。会容易引发妇科病吗？我我现在该怎么注意卫生？用妇炎洁洗可以吗？,女,2020年09月17日,2个回答,男,
有11-13 hk吗，我,https://baobao.baidu.com/question/bb5eb328cb654eb3f2a57dea0dcf25f3.html,女,男,,,,2020年09月17日,1个回答,,
妊娠囊大小20*11*25是是宝？,https://baobao.baidu.com/question/99a5853fc2c8fb475cdbb16698346061.html,男,女,,,,2020年09月17日,0个回答,,
帮我看看是宝宝还是宝宝啊,https://baobao.baidu.com/question/abac9a7f49334c9db8de3d84ba6ddb49.html,男,女,,,,2020年09月16日,0个回答,,
双顶径是40mm，股骨是28mm是是,https://baobao.baidu.com/question/76b49a01da89bdecf472eac58726fd67.html,男,女,,,,2020年09月15日,0个回答,,
13岁孩，胸和下面长什么样，找,https://baobao.baidu.com/question/a74c3f33790f5127e1835cf4a277b349.html,女,男,女,,,2020年09月13日,3个回答,,
13岁孩子的胸和下面，长什么样？找,https://baobao.baidu.com/question/3db9877f45b4437216e6a3e4910ac2a7.html,女,男,女,,,2020年09月13日,7个回答,,
我，找14岁hk,https://baobao.baidu.com/question/1db8916971a240d55dc7b0dc8b1ca74f.html,男,女,,,,2020年09月11日,0个回答,,
请圈里的宝妈们看看是宝宝还是宝宝,https://baobao.baidu.com/question/6f0fe5f8e6faa6e66c6f47a95418e404.html,男,女,,,,2020年09月10日,0个回答,,
有没有会看宝宝还是宝宝的吗,https://baobao.baidu.com/question/58abefe0f3b6a06c7cf1297c7bc91b1c.html,男,女,,,,2020年09月10日,0个回答,,
各位猜一下是是,https://baobao.baidu.com/question/c4be30b953063e9972aa34065c146fb3.html,男,女,,,,2020年09月09日,0个回答,,
属鸡 鼠猪 今年生鼠宝宝 有啥需要注意的,https://baobao.baidu.com/question/7a97390be3b9902b5d5c1eb25a763e4b.html,男,女,,,,2020年09月07日,0个回答,,
可以看出是是吗,https://baobao.baidu.com/question/9f2c2a754d43705490c54dcb5efc3fde.html,男,女,,17周的时候做的b超，和12周做的nt麻烦大家帮忙看看是是,男,2020年09月06日,0个回答,女,
看看是宝宝还是宝宝，,https://baobao.baidu.com/question/d5f7bda6979c1822f7e0e58ac6c604da.html,男,女,,,,2020年09月05日,1个回答,,
可看的出是是？,https://baobao.baidu.com/question/dbbe26c659c9839f7805af7cb8032b2f.html,男,女,,,,2020年09月05日,0个回答,,
hk来13我秒回,https://baobao.baidu.com/question/4f10e863dd451cff944c3ca07383c8ff.html,女,男,,,,2020年09月05日,0个回答,,
求各位大神看看是是,https://baobao.baidu.com/question/e1977d5ad71e38ef8ac7039114c168b7.html,男,女,,,,2020年09月05日,0个回答,,
90年10.25，91年4.4日，哪年哪月孩子出生好，请专家通过八字算一下,https://baobao.baidu.com/question/55ec8ac4a02d1a8e1cdfb8a704046225.html,男,女,,90年10.25，91年4.4日，哪年哪月孩子出生好，请专家通过八字算一下，生么时候怀孕，什么时候出生,男,2020年09月04日,0个回答,女,
谁能看出来是是啊帮我看看谢谢,https://baobao.baidu.com/question/23fc349ea750e7af000f39e1781e6062.html,男,女,,,,2020年09月02日,0个回答,,
好奇是宝宝还是宝宝 谁会看四维呀 麻烦给看一下,https://baobao.baidu.com/question/698616c27eb74c5067456245af4a6824.html,男,女,,好奇是宝宝还是宝宝,男,2020年09月02日,0个回答,女,
三维彩超，哪位宝妈可以帮我分析一下是是?,https://baobao.baidu.com/question/4db0a9330b6f821c71ffb299bf2aea02.html,男,女,,三维彩超，看到出吗？,男,2020年09月02日,2个回答,女,
帮忙看看是是，,https://baobao.baidu.com/question/17e8b82a069304d15a1086b5dc79783b.html,男,女,,各位宝妈，帮忙看看孩孩,男,2020年09月01日,0个回答,女,
小说主的妻子是和瘫痪，主长的像主的白月光,https://baobao.baidu.com/question/e0466acb31b50381d7e0dfdcae995fa4.html,男,女,男,主教主开车，后来主妻子的弟弟发现了他们的关系，弟弟也喜欢主，主还和主的手下上过床，怀孕还被主的妻子给流产了,男,2020年09月01日,0个回答,女,
怀孕8周孕囊4.9*3.3cm是是,https://baobao.baidu.com/question/c92c279287f9d2f9170b2f8087b66a52.html,男,女,,,,2020年09月01日,0个回答,,
谁会看是是?,https://baobao.baidu.com/question/9d12a7fae5d0283d6c8848fdb643d055.html,男,女,,有经验的，帮我看看这个四维是孩孩？谢谢啦,男,2020年07月07日,0个回答,女,
今天做的四维，有没有哪位亲能帮忙看看是是啊,https://baobao.baidu.com/question/422da8ba2d09d953e1124df4159c0ac9.html,男,女,,,,2020年08月31日,0个回答,,
能不能看四维单看出宝宝还是宝宝啊 好好奇 ❤️,https://baobao.baidu.com/question/980afb589ee297a0fd9d5fb0baed3a38.html,男,女,,,,2020年08月30日,2个回答,,
家里条件一般，已有一5岁一3岁，现在又怀孕一个多月，该不该留下这个呢？,https://baobao.baidu.com/question/75cf2885f512d9456b18b5ee5768a2f3.html,男,女,,父母年纪大了，不能帮忙带娃，公婆偶尔带，老公做装潢生意的！没有存款没有房子（值钱的）,,2020年08月29日,0个回答,,
找污互，生来,https://baobao.baidu.com/question/76dc7966f04af69a21be7392030d36f4.html,男,女,女,我，有互么,男,2020年08月29日,1个回答,女,
想知道是宝宝还是宝宝，有会看的吗？怀孕53天了,https://baobao.baidu.com/question/ecf489b18750961568c0d5382230ad55.html,男,女,,谢谢亲们,,2020年08月27日,0个回答,,
有知道是是的宝妈吗？给我看看是是，谢谢啦！,https://baobao.baidu.com/question/e2e65f4f4d28122dc7fd25e6be66d1dc.html,男,女,男,不知道是是请宝妈们给我看看。,男,2020年08月27日,0个回答,女,女
做的四维会看的宝妈们、看看胎儿像妈妈还是像爸爸，像宝宝还是宝宝,https://baobao.baidu.com/question/6ee5721c1765d581bc0cbad53e495886.html,女,男,,,,2020年08月26日,0个回答,,
有懂的朋友吗？看看宝宝还是宝宝,https://baobao.baidu.com/question/5448a13a4bf20e6bf1d3c70fd9929939.html,男,女,,好奇心太大，比较喜欢宝宝不知道是不是。,女,2020年08月18日,0个回答,,
怀孕到现在22周乳房一直涨疼是宝宝还是宝宝,https://baobao.baidu.com/question/593dbbf5121072291eb4242a561e625a.html,男,女,,,,2020年08月25日,0个回答,,
宝宝宝宝？,https://baobao.baidu.com/question/eb408fd718e805699c6fbd8748a19e91.html,男,女,,有看得懂的可以帮我看看是宝宝还是宝宝,女,2020年08月24日,0个回答,男,
一个总裁类型的小说，主睡了主留下了十一个钢镚，结果怀孕了生下两个孩的故事,https://baobao.baidu.com/question/aca3e2b2ba7142e873c1b85e59ec0a27.html,女,男,男,,,2020年08月24日,0个回答,,
帮忙看看是是,https://baobao.baidu.com/question/f1a471da03ce18120f512ef43ef74aee.html,男,女,,,,2020年08月23日,0个回答,,
16周b超能看出是是吗,https://baobao.baidu.com/question/50f469686607bc3713583111404b1a45.html,男,女,,,,2020年08月23日,0个回答,,
各位宝妈。请问能看出来是是吗？,https://baobao.baidu.com/question/67477e79d0af33ff8b7f531ab37fd32c.html,男,女,,,,2020年08月22日,1个回答,,
h…k…只…看…,https://baobao.baidu.com/question/2c017654fef9c8282790c084ff6e4789.html,男,女,,h…k…只…看…,男,2020年08月21日,0个回答,女,
有朋友会看四维彩超的吗？帮忙看看是宝宝还是宝宝。,https://baobao.baidu.com/question/bcd9dc5dc33ddb2bf27c6151325a2c88.html,男,女,,怎么通过四维彩超看是宝宝还是宝宝,男,2020年08月21日,0个回答,女,
下换下,https://baobao.baidu.com/question/01c8608b41f18fca0430cccda5dde79c.html,男,女,,,,2020年08月21日,1个回答,,
这张图能看出是是吗？好奇的爸爸😛,https://baobao.baidu.com/question/e0211da8a949efc3aa13d32b89f5a163.html,男,女,,,,2020年08月20日,0个回答,,
帮忙看一下是是,https://baobao.baidu.com/question/9909980a02e0117ab55c7599bf665d37.html,男,女,,,,2020年08月20日,0个回答,,
我12，来h， k,https://baobao.baidu.com/question/9dba0e7f5aa6cac45af1b0e097300f1e.html,男,女,,,,2020年08月19日,0个回答,,
做的NT单子，谁能看的出是是,https://baobao.baidu.com/question/0f6791bafeb753237243b2d87229f007.html,男,女,,,,2020年08月20日,0个回答,,
我是，14，hk限,https://baobao.baidu.com/question/30e72183e416a259e3ef0c3aba0ed1bd.html,男,女,,,,2020年08月19日,11个回答,,
hk，的勿扰,https://baobao.baidu.com/question/a7cd0568655fdbaf2dad6fc2330ad544.html,男,女,,,,2020年08月17日,18个回答,,
h   k本人,https://baobao.baidu.com/question/ab0e77f2674a0a2c10d97242c0fda877.html,女,男,,hk,女,2020年08月17日,2个回答,,
我13，来  h。。  ，k,https://baobao.baidu.com/question/0b54075d4051d0ffa51c7a3d00607395.html,男,女,,,,2020年08月16日,0个回答,,
主三个孩子被配掐死并且被一把火烧死，主重生小说，主白芷主姓殷,https://baobao.baidu.com/question/10ddbd78bd6e87233db72cbf1a6c4720.html,女,女,女,,,2020年08月15日,1个回答,,女
求一部穿越小说主为救主去不时空寻找主灵魂碎片.但是每个时空的主最后都会死,https://baobao.baidu.com/question/a9d283aa1dd78341a2b9f2bbfc1a8d3d.html,男,女,女,内容是主为了救主.去不同的时空寻找主的灵魂碎片.第一次穿越是主变成小孩.然后主主的村里的人没有感情.只有主有感情.然后有一天村里的人恢复感情.但是他们都说主是巫.然后杀了主.然后,男,2020年08月15日,1个回答,女,女
四维彩超过了，照了好几次，朋友们帮忙看看是是。,https://baobao.baidu.com/question/86d96fa34f4ddf91a1994019849e5793.html,男,女,,这是二胎四维彩超，头胎是儿子，想要个儿，朋友们帮忙看看是是。,女,2020年08月15日,1个回答,男,
怀孕6个月，今天去做的四维，宝妈快看看是是,https://baobao.baidu.com/question/425b0dc8c7b76b52baeaeedf8394dab9.html,男,女,,,,2020年08月14日,3个回答,,
你们婆婆会重轻吗？,https://baobao.baidu.com/question/d7519e6afc0e3ac861f886cd908d68bb.html,男,女,,生孩子已经是人从鬼门关走一趟不容易了 想想前年宝宝还在肚子里的时候婆家一直强调得给他们生个大胖小子 让我自己思想抑郁  这些也不是我能求来的 好在现在科技发达  我也尽早知道了结果 婆婆知道后也对我,女,2020年08月14日,1个回答,,
大家，今天做四维彩超，帮忙看一下，是是？,https://baobao.baidu.com/question/d94c080b576d2a769dd515647f95e2c3.html,男,女,,,,2020年08月14日,1个回答,,
二十八周照的b超，谁知道这是是,https://baobao.baidu.com/question/d5825d657a82cba66cef606454787d13.html,男,女,,,,2020年08月13日,0个回答,,
找..hk,https://baobao.baidu.com/question/8d851d60024b16652f4eb0b2c43bbae5.html,男,女,,,,2020年08月12日,1个回答,,
2020年农历八月哪天搬新房合适？主人属蛇，主人属羊，孩子属虎。求大佬指点迷,https://baobao.baidu.com/question/9cdde29279e6ad9351137fa750b10961.html,男,女,,,,2020年08月11日,0个回答,,
怀孕上坏是的还是的？,https://baobao.baidu.com/question/5c2e0c58287c8e2981b84fb95d9e3735.html,男,女,,,,2020年08月10日,1个回答,,
帮我看一下这是宝宝还是宝宝呢,https://baobao.baidu.com/question/ddcd3dd5efa1e7e1291fbc31467d4201.html,男,女,,这是宝宝还是宝宝呢,男,2020年08月10日,0个回答,女,
姐妹们帮我看下nt是是，头胎儿，因为农村重轻，压力比较大,https://baobao.baidu.com/question/b8475be4007d57e5841747f8b2d4ba43.html,男,女,女,姐妹们帮看下,,2020年08月09日,1个回答,,男
做了四维，看看是还是,https://baobao.baidu.com/question/1eb419a5ce11787c95e4ff77f56b16f8.html,男,女,,,,2020年08月09日,0个回答,,
是是？,https://baobao.baidu.com/question/fae5621fe1f08d19c09e6951a5bc6edd.html,男,女,,,,2020年08月08日,0个回答,,
wu污有没有，欲望犯了hk，我。,https://baobao.baidu.com/question/a5985fc28183721e450faf5c1eeb8042.html,女,男,,hk，wu污,女,2020年08月08日,2个回答,,
在深圳哪里可以照孕的？因为前面已有两个儿子了，现在第三个很想知道是是。,https://baobao.baidu.com/question/8eab8c07ac18459b2b7842bf3ec42d28.html,男,女,男,,,2020年08月07日,0个回答,,女
b超看出宝宝脸型是圆是是,https://baobao.baidu.com/question/9a4422d7c4a2c85fc46395de86752c9d.html,男,女,,,,2020年08月06日,0个回答,,
四维23周+6天是还是,https://baobao.baidu.com/question/a0b8d72283e3e1dfe372ee49c2a404aa.html,男,女,,四维分辨，谢谢,男,2020年08月06日,0个回答,女,
四维23周+6天，帮看看是是,https://baobao.baidu.com/question/e8a79e86dff2211c6e7b21e5e95176e9.html,男,女,,23周+6天，看四维,男,2020年08月06日,0个回答,女,
四维怎么看宝宝宝宝？请有经验的小伙伴帮忙看看，顺便告诉我。,https://baobao.baidu.com/question/5e29c08018fdb7859db4b0d9cfe447d2.html,男,女,,,,2020年08月05日,0个回答,,
有会看宝的吗？帮我看看，不重轻，只是好奇。,https://baobao.baidu.com/question/6c4c5092d6eef80d6d5fbfc0c18bb7ca.html,男,女,男,,,2020年08月05日,1个回答,,女
虚岁29农历六月怀孕是是,https://baobao.baidu.com/question/76262edd61404636ffc0bd1ac5c6b72a.html,男,女,,,,2020年08月05日,2个回答,,
今天刚4个月，懂的宝妈妈们，请你们帮我看看是宝宝还是宝宝！谢谢！！❤❤,https://baobao.baidu.com/question/952d6d8edc8ab3f47ec3e563bb1d95fe.html,男,女,,,,2020年08月04日,1个回答,,
四维刚刚做出来，23周多，有没有看出来是的的求告知？？,https://baobao.baidu.com/question/5ce134e6fa72334216511ab30fb50ced.html,男,女,,能不能看出来是孩孩,女,2020年08月04日,1个回答,女,
找hk,https://baobao.baidu.com/question/f36958e6a3000e53dc64ea5418a4278c.html,男,女,,我，有没有小妹妹hk？验证一下,男,2020年08月04日,2个回答,,
各位宝妈能不能帮我看一个是是？谢谢了,https://baobao.baidu.com/question/d7fae9040e898b2aa7d4345f04685687.html,男,女,,,,2020年08月04日,0个回答,,
hk，来wu，长期我,https://baobao.baidu.com/question/de132765c0a7cdb0fccb5eecfa9f70e4.html,女,男,,wu hk wu我,女,2020年08月03日,2个回答,,
哪位有经验的宝妈，看看我这要生还是,https://baobao.baidu.com/question/1deaf1d43e2a96f5aa710f06c7d8d0a1.html,男,女,,谁知道这会生孩还是孩子,男,2020年08月02日,0个回答,女,
宝妈帮忙看下宝宝还是宝宝,https://baobao.baidu.com/question/53cba8aa96fc1b387a19f8bf31b23357.html,男,女,,,,2020年08月02日,0个回答,,
亲们帮我看看是是🙈,https://baobao.baidu.com/question/0188d6971754b5c9669eb73875dfc172.html,男,女,,做是四维彩超的时候一直不肯把脸露出来，做了一次不行然后医生让我到下面转一圈回来做还是一样，她说好调皮好可爱不知道这是什么意思🙈,,2020年08月01日,1个回答,,
亲帮忙看看👦👧呗,https://baobao.baidu.com/question/c2f93a8721f894f4287470797e126fde.html,男,女,,,,2020年08月01日,0个回答,,
亲们帮我看看这是是呀🙈,https://baobao.baidu.com/question/6d6e962a9b5bb1ad530568947626643e.html,男,女,,,,2020年08月01日,0个回答,,
有会看b 超的宝妈吗？麻烦给我看看是还是啊？,https://baobao.baidu.com/question/54e8548dca3a509cc659634d59823216.html,男,女,,二胎了，一胎儿，好奇二胎是什么好准备东西。能不能用着老大剩下的，谢谢拜托大家，十五周加二了，三个多月,女,2020年08月01日,1个回答,,
又没有看过一主在主公司上班，配是科技天才，是主捡来的，性格又问题，跟,https://baobao.baidu.com/question/1b8b2cccf9b5db44b680aad28a1e2ff2.html,女,男,男,,,2020年07月31日,0个回答,,女
四维彩超出来  大家来猜猜看是是,https://baobao.baidu.com/question/6baf88731896776ebcd9bf38954eea22.html,男,女,,,,2020年07月29日,0个回答,,
想看的，私我，只要的的勿扰,https://baobao.baidu.com/question/1d585acb25895278e06d86db625ac12f.html,女,男,,,,2020年07月28日,0个回答,,
麻烦各位宝妈们帮忙看看，是宝宝还是宝宝？,https://baobao.baidu.com/question/9aef51a4204dfd16d8468457bbf8de32.html,男,女,,孕23周照的四维，请各位朋友们帮忙看一下，是孩子还是孩子呀？,男,2020年07月28日,0个回答,女,
这B超单能看还是吗？,https://baobao.baidu.com/question/5d88d1f9c8289ae9a25dd8f1375eedaf.html,男,女,,,,2020年07月28日,0个回答,,
生和生前的孕妇感觉一不一样？,https://baobao.baidu.com/question/bd1cdc373319d8ac2a5d8f9a39cf3855.html,男,女,,,,2020年07月25日,0个回答,,
孕囊32*36*23是是,https://baobao.baidu.com/question/48e9217ffbcef7ffd5ff323928e48e9f.html,男,女,,,,2020年07月24日,0个回答,,
今天刚做的NT 大家帮忙看一下是宝宝还是宝宝啊！,https://baobao.baidu.com/question/b4e520ec135455961f9968c4c4ddc37f.html,男,女,,,,2020年07月23日,0个回答,,
听说肚型圆的是孩的几率大，尖的是孩。有会看的吗？帮忙看一下我这是是,https://baobao.baidu.com/question/eb4405e07655c0870e5bbbb5c3808645.html,女,男,男,,,2020年07月23日,0个回答,,女
我 h k  生,https://baobao.baidu.com/question/200afea4ccf8f6cd6a8318ff9c72a1d5.html,男,女,,,,2020年07月24日,0个回答,,
马羊生什么属相宝宝比较好？牛还是虎,https://baobao.baidu.com/question/27e8c8f842c45ca8c72d269bffcb1e9f.html,女,男,,,,2020年07月22日,1个回答,,
怀孕第七周知不知道是是,https://baobao.baidu.com/question/fc6eaf5198ecfd9d182ee4f42dd5c50e.html,男,女,,,,2020年07月22日,1个回答,,
幼儿园中三个人是家长，一个老师和两个老师，其中一个是光头的动漫叫什么？求推,https://baobao.baidu.com/question/1f5e6fb66acd5275bdffd11974bdb569.html,女,女,男,,,2020年07月21日,0个回答,,
帮忙看下是是,https://baobao.baidu.com/question/7be056b3735810859e8662002e6b2042.html,男,女,,,,2020年07月19日,0个回答,,
怀孕6周➕3，做了B超，有没有人看出这是宝宝还是宝宝呢？谢谢,https://baobao.baidu.com/question/389735cef166623709db6cac667c7186.html,女,男,,谢谢大家帮我看一看,,2020年07月18日,0个回答,,
请大家看看是还是,https://baobao.baidu.com/question/efec01f0ec9db2eb214bfc47a019b2ec.html,男,女,,,,2020年07月17日,0个回答,,
各位大神能通过四维看出这是宝宝还是宝宝吗👼,https://baobao.baidu.com/question/cc6d03bb956af29173217abee73a2443.html,女,男,,,,2020年07月17日,1个回答,,
看得出是还是吗？,https://baobao.baidu.com/question/b6a1964496b1990d9f7446b9c737e82c.html,男,女,,看,男,2020年07月16日,0个回答,女,
生宝宝胸长了，生宝宝胸没有变化,https://baobao.baidu.com/question/5fc5e30b0b631a12dc7bf77c02a43798.html,女,男,,生宝宝胸长了，生宝宝胸没有变化，有过来的宝妈，说说经验呀,女,2020年07月15日,0个回答,男,
今天四维检查顺利通过，谁知道这是宝宝还是宝宝呢？,https://baobao.baidu.com/question/e347f3c19ba8bccb0bfadae70a5e4d59.html,男,女,,,,2020年07月15日,0个回答,,
宝宝已经25周了，谁能看出这是宝宝还是宝宝,https://baobao.baidu.com/question/d8a219fcc19027f3895fff6d040799f5.html,男,女,,,,2020年07月14日,0个回答,,
不知道是宝宝还是宝宝，有和我一样的宝妈吗,https://baobao.baidu.com/question/4d7fd507b77a0f0b5ddeb1d374ddb136.html,男,女,,还有一个月就发动了，期待与你相见,,2020年07月14日,0个回答,,
NT过了 想问问个位宝妈们 我这是还是,https://baobao.baidu.com/question/3a59f12a83e0c40806aae056b9885d89.html,男,女,,,,2020年07月14日,0个回答,,
有专业的人，可以帮我分析一下是是？,https://baobao.baidu.com/question/a67439fc9ae80fee161f688971dd3186.html,男,女,,9周左右的B超单子,,2020年07月13日,1个回答,,
想知道宝宝还是宝宝,https://baobao.baidu.com/question/9275bb20d8931529631208bdad488058.html,男,女,,能看出来吗,,2020年07月13日,0个回答,,
大家可以帮忙看看是还是的，今天做了四维彩超,https://baobao.baidu.com/question/6963cb257709927e6daa7740da4fc105.html,男,女,,,,2020年07月10日,0个回答,,
思维一次性通过，好奇是是,https://baobao.baidu.com/question/3f1a6d73a5a0a809cbcc9e096c351464.html,男,女,,,,2020年07月10日,0个回答,,
二十五周四维彩超 亲们看看是是,https://baobao.baidu.com/question/523560fc750fa1e9eef1eebb1678f9a9.html,男,女,,肚型圆不不是尖的 基本没孕吐过,,2020年07月09日,0个回答,,
11+6周，nt顺利通过，有看得懂是是吗？😃,https://baobao.baidu.com/question/8b65b84cca2f2808c7c431303d2fbee6.html,男,女,,,,2020年07月09日,0个回答,,
大家看看，宝宝还是宝宝,https://baobao.baidu.com/question/c96b43306a5ff634ae857ba254885915.html,男,女,,,,2020年07月09日,0个回答,,
有没有大佬帮忙看看是是呀,https://baobao.baidu.com/question/21b149933826c19d5a1ca9c99f71d82a.html,男,女,,,,2020年07月08日,0个回答,,
猜一下呗 是的还是的,https://baobao.baidu.com/question/3579c55fa30357b3987bb64428c8185c.html,男,女,,挺像我本人的  不像我老公😂,,2020年07月08日,0个回答,,
请帮忙看看宝宝还是宝宝呀,https://baobao.baidu.com/question/fc3327ee887891ed3d1cc30761a33f3e.html,女,男,,请帮忙看看宝宝还是宝宝呀,女,2020年07月08日,0个回答,男,
你们谁能看出这个是宝宝还是宝宝😊😊😊这是才做的nt,https://baobao.baidu.com/question/4f55d870df6bc115245b6a3c37da9001.html,男,女,,,,2020年07月08日,0个回答,,
谁能帮我看看我家宝宝是宝宝还是宝宝啊，想买点婴儿用品都不好买,https://baobao.baidu.com/question/9564fe8a174eab2a198d2ea31fead0bb.html,男,女,,,,2020年07月08日,0个回答,,
有朋友会看下是是吗,https://baobao.baidu.com/question/cab945cf69b6d2925d5477d098a926af.html,男,女,,,,2020年07月07日,0个回答,,
有没有看看宝宝还是宝宝啊？🤗,https://baobao.baidu.com/question/85997272873ca94dc8ca623c47119c01.html,男,女,,,,2020年07月07日,0个回答,,
撒时候能生。的的？？,https://baobao.baidu.com/question/1d4101d70b75816d75fc115ced92d306.html,男,女,,,,2020年07月07日,0个回答,,
看下是是,https://baobao.baidu.com/question/9785583487f878ebaa239eaf3bed3fb2.html,男,女,,给我瞅瞅,,2020年07月05日,0个回答,,
我的找k,https://baobao.baidu.com/question/fd911859b2700166a0aea11709d18aaf.html,男,女,,,,2020年07月04日,1个回答,,
我找h k,https://baobao.baidu.com/question/7015aafc984a13d3ec00e93ad9e9b7e3.html,男,女,,,,2020年07月04日,1个回答,,
请问一下，右锁骨下动脉迷走的宝妈们，宝宝是宝宝还是宝宝呀？,https://baobao.baidu.com/question/bdfb36dcf9771d013cfe6cd3f42f7733.html,男,女,,请问一下，右锁骨下动脉迷走的宝妈们，宝宝是宝宝还是宝宝呀？,男,2020年07月03日,0个回答,女,
大家帮看一下是是,https://baobao.baidu.com/question/7781f56b153bb54c62d83de409e3e56f.html,男,女,,是是？,男,2020年07月01日,0个回答,女,
姓刘姓叶，取什么名字有寓意,https://baobao.baidu.com/question/b0dc7491042d2a344f15a9e8465b0cd2.html,男,女,,,,2020年07月01日,1个回答,,
有木有懂的，给我看看是宝宝还是宝宝,https://baobao.baidu.com/question/d8ebb3819a5564b7e0da0d738fd986b6.html,男,女,,,,2020年05月22日,0个回答,,
都来看看。是 是 帮帮忙。谢谢了,https://baobao.baidu.com/question/1c05111d62505c6829ef2acf29852a94.html,男,女,,帮忙看看 是孩孩。15周。到21周的单子 帮帮忙,男,2020年06月17日,0个回答,女,
有污h k吗，本人,https://baobao.baidu.com/question/a077a84ddb18673db54b6ee82a10ee54.html,女,男,,,,2020年06月28日,0个回答,,
我六年级，来h，  k,https://baobao.baidu.com/question/f343f067a35c2ba961f49072006d91de.html,男,女,,,,2020年06月28日,0个回答,,
有一部总裁小说主和姐姐是双胞胎主替姐姐嫁主姓厉,https://baobao.baidu.com/question/4e2339372cd600ad531a20d1078d143a.html,女,女,男,,,2020年06月29日,0个回答,,
本人跟一个有三个孩子还没离婚的人在一起了上法院的话法院会把孩子判给方还是,https://baobao.baidu.com/question/57f3fc7eee017445190807898b527e09.html,男,女,男,,,2020年06月28日,0个回答,,女
看看我的四维，像娃娃还是娃娃❤️❤️❤️❤️,https://baobao.baidu.com/question/8deeea0682be93c9db779991f506584d.html,女,男,,,,2020年06月28日,0个回答,,
孕囊21*33*13是是,https://baobao.baidu.com/question/6fc42e0b9a71684bb400b6bf10e7bf0f.html,男,女,,,,2020年06月28日,0个回答,,
属鸡属马要属牛的宝宝几月的好,https://baobao.baidu.com/question/5ad25f1dcdd73003a42d475989353939.html,男,女,,,,2020年06月28日,0个回答,,
想知道怀的是是？,https://baobao.baidu.com/question/fd9111ffa6d727489cb5caacc352c9e8.html,男,女,,第三胎了，希望是个孩，大家谁知道给我看看？,男,2020年06月27日,1个回答,,
各位有经验的宝妈帮忙看一下是是,https://baobao.baidu.com/question/d8e467114aa8f2c65028313175342a69.html,男,女,,各位宝妈有经验的看一下呀,,2020年06月27日,0个回答,,
上下这个姿势很难射出，但不是射不出，有什么办法可以解决,https://baobao.baidu.com/question/4b72b02312aefb2dab56eee8753fdbf4.html,男,女,,,,2020年06月27日,0个回答,,
儿子鸡鸡小被他们班同学孤立同学说他做起来不好，同学说他太弱小了怎么办才能变大,https://baobao.baidu.com/question/1c6ec7403fc8d305ae8d1b70ea717d3c.html,女,男,,,,2020年06月26日,0个回答,,
帮我看看是是,https://baobao.baidu.com/question/49650d60b88b50df8f05674b8e77c244.html,男,女,,今天做四维彩超，宝宝还算挺配合的，双顶径56㎜，股骨38㎜，胎心率143，脐动脉两条，双肾可见，双侧肾盂无分离，孕领23周！求大家帮我看看像孩孩啊？,男,2020年06月25日,0个回答,女,
刚过的四维彩超，是是？,https://baobao.baidu.com/question/a63d8d788abb43a9e44a84b8fe3f8a82.html,男,女,,,,2020年06月24日,0个回答,,
帮帮忙看看是宝宝还是宝宝，谢谢了,https://baobao.baidu.com/question/1cc95305e444f7da7a6b76db7bf1ae94.html,男,女,,有经验的宝妈帮帮忙看看是宝宝还是宝宝，谢谢了☺,男,2020年06月23日,0个回答,女,
麻麻们 有没有会看宝宝啊  这个b超图是宝宝还是宝宝呢？,https://baobao.baidu.com/question/cc80786421ed499c34dd2687178f121a.html,男,女,女,麻麻们 有没有会看宝宝的啊 这个b超图是宝宝还是宝宝呢？  我看着这咋像屁股哈哈,男,2020年06月23日,0个回答,女,男
我13，来hk,https://baobao.baidu.com/question/72b6ee78965e09f75548717cddb4eb34.html,男,女,,最好是11到14的,,2020年06月21日,4个回答,,
我13，来hk,https://baobao.baidu.com/question/5b727807e91fa1e20d527420740e0ebe.html,男,女,,,,2020年06月21日,5个回答,,
属龙属兔一胎属狗二胎什么属相中和一下比较好？,https://baobao.baidu.com/question/0f8b31cb59b752e3ed7d0dbe6b3db222.html,女,男,,二胎属相,,2020年06月20日,0个回答,,
属兔属龙  要个虎宝宝还是兔宝宝好呢？,https://baobao.baidu.com/question/6dd4c7e2346c24d509133b607a89d7e1.html,男,女,,,,2020年06月20日,0个回答,,
1987属兔 腊月十一生  1988属龙 九月二十七生  要个虎宝宝还是兔宝,https://baobao.baidu.com/question/cf89b1bc0b9fe63a78c1659fb825041e.html,男,女,,二胎属相,,2020年06月20日,0个回答,,
83年猪90年马生什么生肖的宝宝比较合适,https://baobao.baidu.com/question/fb78739a7bace8d204b05be9fae96f73.html,男,女,,^_^,,2020年06月20日,0个回答,,
这是8周+3天的时候打的彩超，各位宝妈可以看不出是是吗？,https://baobao.baidu.com/question/901a2812bdc0c8a96d601e596d502339.html,男,女,,,,2020年06月20日,0个回答,,
大家有没有能看出来   宝宝宝宝的,https://baobao.baidu.com/question/183a6072b5f1a856efa7ce614e216bdf.html,男,女,,可有能看出来的,,2020年06月20日,0个回答,,
这上面可以看出宝宝还是宝宝吗？,https://baobao.baidu.com/question/096d89ced0fc6b7f01efaace0db7ce81.html,男,女,,,,2020年06月19日,0个回答,,
晨尿加酒精测准吗大家帮我看看这个是是,https://baobao.baidu.com/question/a8c7deee1c3077bd13b78d313ed30440.html,男,女,男,,,2020年06月19日,0个回答,,女
怎么查是是,https://baobao.baidu.com/question/344fc1320e4e21e11751f2a24c47dc12.html,男,女,,,,2020年06月18日,4个回答,,
怀孕初期怎么看出是是？,https://baobao.baidu.com/question/e45bee614f3834ff0f881e81264320f2.html,男,女,,,,2020年06月17日,1个回答,,
宝妈们看看是是啊,https://baobao.baidu.com/question/8e6a38433e554c5ac295c8f535ec7747.html,男,女,,,,2020年06月17日,0个回答,,
四维出来了，那个大神知道是宝宝还是宝宝？,https://baobao.baidu.com/question/e5a612cafdae0e80a0759482cb81a6c9.html,男,女,,,,2020年06月16日,0个回答,,
好心人看下  是是,https://baobao.baidu.com/question/018596f502e44bdf624b220cbfd852a0.html,男,女,,,,2020年06月16日,1个回答,,
我是的，不是的,https://baobao.baidu.com/question/8c492a9a28e0674cfff2af89933ee18e.html,男,女,,找的互别找我，我不是生，我有时候看到一些提问会帮你看看正不正常，只是帮你看没别的，互的可以找我，的别找我,女,2020年06月16日,0个回答,女,
麻烦各位会看四维的准妈妈帮忙看下是宝宝还是宝宝？有点好奇想提前开奖,https://baobao.baidu.com/question/71a4b90d91e5931a5f12e20b0728077d.html,男,女,,,,2020年06月15日,0个回答,,
上午四维三次没过一直在肚子里趴着 下午才过  大家帮我看看是宝宝还是宝宝,https://baobao.baidu.com/question/e831813d56c156a45cd93d6c7029f8f9.html,女,男,,,,2020年06月15日,0个回答,,
能不能帮忙看看的还是的呢😩,https://baobao.baidu.com/question/9df8771e7ff214670b224f1854b74a86.html,男,女,,,,2020年06月15日,0个回答,,
大家帮忙看下是还是,https://baobao.baidu.com/question/6b6d9bd7916f72802e9906759c9a1f4a.html,男,女,,,,2020年06月15日,0个回答,,
各位宝妈宝妈看看是是谢谢啦,https://baobao.baidu.com/question/f6419ca006c8312e484229e9e1545c7f.html,男,女,,,,2020年06月15日,0个回答,,
各位宝妈帮我看看是是谢谢啦,https://baobao.baidu.com/question/043e31b9bc1d630691905f9bd52a7c11.html,男,女,,,,2020年06月15日,0个回答,,
这上面可以看出宝宝还是宝宝吗？,https://baobao.baidu.com/question/0530ad4aab4932dbc67007ecc928f2c3.html,男,女,,,,2020年06月15日,0个回答,,
孕9周4.8.2.8.4.2是是,https://baobao.baidu.com/question/8fe5656a6757306354492b75da18bfe5.html,男,女,,,,2020年03月04日,0个回答,,
麻烦各位达人帮忙看看比超图是是,https://baobao.baidu.com/question/5a2398aec3b583f4ba08320415b76962.html,男,女,,,,2020年06月14日,0个回答,,
今天测宝宝胎心 150说很正常 能看出是是吗？,https://baobao.baidu.com/question/7610b8a0ec79c488a9a9abc2d208094d.html,男,女,,,,2020年06月14日,0个回答,,
H 加找 的别加 不要骗,https://baobao.baidu.com/question/65f573bee80625994d75b0f62bcf23cd.html,女,女,男,,,2020年06月14日,1个回答,,
你们孕期有梦见过下鹅毛大雪的吗？生的还是,https://baobao.baidu.com/question/b30772155b9eaedd6eb40e257643baae.html,男,女,,你们孕期有梦见过下鹅毛大雪的吗,,2020年06月13日,0个回答,,
宝宝还是宝宝,https://baobao.baidu.com/question/fa19407d8e06e3cee315407ef1a41dc2.html,女,男,,,,2020年06月13日,0个回答,,
我13， 来   ，，h， k,https://baobao.baidu.com/question/77a2f2f9a40ed2bb14c5b8e7dedd1377.html,男,女,,,,2020年06月12日,1个回答,,
20，22。办不了结婚证以后怎么办,https://baobao.baidu.com/question/4eb7b34c58249695cc7b3ad43547b309.html,男,女,,结婚证年纪不到办不了。,,2020年06月11日,0个回答,,
24周请问可以看出宝宝还是宝宝吗,https://baobao.baidu.com/question/bccb6b5776246eff055e8fa4c34b86d1.html,男,女,,大排畸一次过了，麻烦大家看看这个数据看得出来是娃儿还是娃儿吗,男,2020年06月11日,0个回答,女,
四维彩超顺利通过，有经验的宝妈和老师帮忙看看是是吗？,https://baobao.baidu.com/question/341a51c62562d27af4c9d0503f1c331b.html,男,女,,,,2020年06月10日,0个回答,,
求大神帮看NT结果 是宝宝还是宝宝,https://baobao.baidu.com/question/287aec7fe822426282754cf6a15e4e73.html,男,女,,,,2020年06月10日,0个回答,,
经验丰富的宝妈们也帮我看看  我这是个宝宝还是宝宝(づ￣ ³￣)づ,https://baobao.baidu.com/question/aefa2b1c07b45670c2c9933b64369412.html,男,女,,,,2020年06月10日,0个回答,,
你要知道怀怀,https://baobao.baidu.com/question/b673f0c6e1a88fc71de4ab6ed9c5eec4.html,男,女,,,,2020年06月10日,0个回答,,
帮忙看看是是？谢谢！,https://baobao.baidu.com/question/cbd74d71ef1162af82e8991b070682c4.html,男,女,,,,2020年06月10日,0个回答,,
做了系统B超大排畸，不知道是还是,https://baobao.baidu.com/question/254bab10e984e08683713b38f12d4815.html,男,女,,,,2020年06月09日,0个回答,,
谁会看？是是,https://baobao.baidu.com/question/7113dc5a42f2869d1bc0e131d0b5355f.html,男,女,,,,2020年06月09日,0个回答,,
我12，来hk,https://baobao.baidu.com/question/486bf8381642c9de262256f0e674d55a.html,男,女,,最好是同年龄,,2020年06月08日,6个回答,,
请问有没人看得懂B超是还是？,https://baobao.baidu.com/question/1adf06d300cadccbc11916edf546f419.html,男,女,,一胎是，二胎马上要生产了，才来好奇是是，请问有人看懂B超单吗？,男,2020年06月08日,0个回答,男,
夫妻俩属兔1987.2.15，1987.2.11，一胎属狗二胎属什么好,https://baobao.baidu.com/question/6e2adeda49ab633b34cdbdaf6bbc1507.html,男,女,,,,2020年06月08日,0个回答,,
92年生肖猴94年生肖，要个牛🐮宝宝好还是虎宝宝好呢,https://baobao.baidu.com/question/45e5d8ad936c7ec6bdffb2b05cc911c4.html,男,女,女,,,2020年06月07日,0个回答,,
孕早期胎牙长1.5厘米，卵黄囊直径0.4厘米能看出是是吗,https://baobao.baidu.com/question/c937603244955238aeada6c31a1993a1.html,男,女,,,,2020年06月06日,0个回答,,
怀孕初期怕冷怀的是是,https://baobao.baidu.com/question/a995f1615d3a37cede22ea4843793097.html,男,女,,,,2020年06月05日,0个回答,,
168.5157.3生孩子会多高,https://baobao.baidu.com/question/f0b3add22a3a9a53e6ddce7cf6e95a96.html,男,女,,,,2020年06月05日,0个回答,,
纯属娱乐想知道宝宝还是宝宝,https://baobao.baidu.com/question/8692fe99500d26120b247994d480e163.html,女,男,,每个孕妇都很好奇自己肚子里的宝宝是的的……,男,2020年06月05日,0个回答,女,
有谁知道唐筛值是是呢？,https://baobao.baidu.com/question/d542ffbf62b0f4c2c66f0f13199646da.html,男,女,,,,2020年06月04日,0个回答,,
哪大神看看这个是是,https://baobao.baidu.com/question/24c3e147ccfafd02f5ce12cc2798ceee.html,男,女,,孕十二周,,2020年06月04日,0个回答,,
大家帮我看看。还是还是,https://baobao.baidu.com/question/d89033aeec4a277efc42f95246b76cbf.html,男,女,,,,2020年06月03日,0个回答,,
大家帮我看看，这是还是？还是？,https://baobao.baidu.com/question/1a71d209aead7f5a55808d8570fa2701.html,男,女,,,,2020年06月03日,0个回答,,
孕囊大小1.5*0.9*2.1cm能否算出是是？,https://baobao.baidu.com/question/2535ee6b1995339906653e53424a158e.html,男,女,,,,2020年06月02日,0个回答,,
为啥在床上的在越强势的越喜欢,https://baobao.baidu.com/question/770b4c4aa584b436a4b8dee2af18675d.html,男,女,,跟朋友做的时候，为啥她都喜欢我强势一点？,女,2020年06月01日,0个回答,,
各位宝妈们，帮我看看是是，有会看B超的吗,https://baobao.baidu.com/question/d81b9d0c1f61c09240d5e18998ba330f.html,男,女,,,,2020年06月01日,0个回答,,
四维通过，不知道是是？好好奇,https://baobao.baidu.com/question/5254b0f298ee3199efcae0cf85c2cd0c.html,男,女,,不知道是是，好期待。有会看的亲吗？,男,2020年06月01日,0个回答,女,
nt第五次才通过，有谁知道宝宝还是宝宝吗？好好奇,https://baobao.baidu.com/question/6a101608ed60c3bdcff69248d6f96f86.html,男,女,,Nt做了第五次才通过，有谁知道宝宝还是宝宝吗？,男,2020年06月01日,0个回答,女,
有谁帮我看看宝宝多大了？宝宝是的的呢？,https://baobao.baidu.com/question/bc197628e0cb33a9f6f313d2e7e48cd9.html,男,女,,,,2020年05月31日,0个回答,,
宝妈们帮我看看是还是呀，有点好奇,https://baobao.baidu.com/question/dfbcfd0a9019136dab03be2a8718d529.html,男,女,,,,2020年05月31日,0个回答,,
看得出来这是宝宝还是宝宝呀？,https://baobao.baidu.com/question/5a779ce07db21b342d9ebb1d4ea98574.html,男,女,,,,2020年05月31日,0个回答,,
各位宝妈们帮忙看一下四维彩超是是,https://baobao.baidu.com/question/a1f01314702e6b34a3c04e3ab3743445.html,男,女,,,,2020年05月31日,0个回答,,
亲们帮我看看是还是,https://baobao.baidu.com/question/c75405845ecc2272ebf201d65d34e284.html,男,女,,,,2020年05月30日,0个回答,,
那位能帮我看看是是,https://baobao.baidu.com/question/5227b6e871a9ddbc32c98fdc2ff0611b.html,男,女,,,,2020年05月30日,0个回答,,
宝妈们帮忙看看是是？？,https://baobao.baidu.com/question/3b47ef80fbac4cf1aa507b15bf1ef171.html,男,女,,今天刚做的彩超，四个多月了，宝妈们帮忙看看是是,男,2020年05月30日,0个回答,女,
麻烦帮我看看这是宝宝还是宝宝,https://baobao.baidu.com/question/a155e8163c16cd979f5d8c740d77687e.html,男,女,,,,2020年05月30日,0个回答,,
四维做了 不知道是宝宝还是宝宝 希望各位宝妈给我看看,https://baobao.baidu.com/question/15b3c3f9f5e5b1e581e10e975cf1affa.html,女,男,,,,2020年05月29日,0个回答,,
谁能帮我看看是宝宝还是宝宝啊,https://baobao.baidu.com/question/ba86ff0ab7da434733931e4b09a3b09e.html,男,女,,,,2020年05月28日,0个回答,,
有看得懂四维的吗？是是很好奇,https://baobao.baidu.com/question/60b5fd8a3c22110c2081b4294b14f172.html,男,女,,反正报告很简洁，医生没说有什么问题。,,2020年05月28日,0个回答,,
刚出来的B超单，快来看看是还是？,https://baobao.baidu.com/question/938bc86d8b5a65988db95069ac520576.html,男,女,,,,2020年05月28日,2个回答,,
麻烦各位宝妈帮我看看这是是呀,https://baobao.baidu.com/question/f1b83c40019f37ee8a515f46883be811.html,男,女,,主要是因为我实在是看不懂,,2020年05月28日,0个回答,,
四维也做各位宝妈帮我看看是宝宝还是宝宝,https://baobao.baidu.com/question/b4de6445d75b859a7f9b40b998c12aa4.html,男,女,,,,2020年05月28日,0个回答,,
快卸货了，大家猜猜宝宝还是宝宝？出生后公布答案。,https://baobao.baidu.com/question/304f714936521761fe7079d84f85315a.html,男,女,,,,2020年05月28日,0个回答,,
生了俩儿子现在也怀第三胎了6个多月了，有检查是个的，会不会变，好希望是个的。,https://baobao.baidu.com/question/aa540978c452e935307849a7b1ada602.html,男,女,,,,2020年05月28日,2个回答,,
孕六周，B超孕囊是2.9×2.4×1.5，是是，在线等～,https://baobao.baidu.com/question/a82687d56d37a426a2bb127d05019711.html,男,女,,,,2020年05月27日,0个回答,,
nt能看出是宝宝还是宝宝么,https://baobao.baidu.com/question/66abf7b35c54aa52064edace940051b2.html,男,女,,,,2020年05月27日,0个回答,,
我13，。。。。。。h 。。。k,https://baobao.baidu.com/question/1509613545e456725b1cd17aaf6169c1.html,男,女,,,,2020年05月26日,0个回答,,
虎龙生蛇宝宝好吗？,https://baobao.baidu.com/question/acddafc4a4bc1dfa77dca6f5c82832ec.html,女,男,,,,2020年05月26日,0个回答,,
孕36周，都说是宝宝，想接宝宝，😄,https://baobao.baidu.com/question/4c62aa6c178353f801bf1b019d584747.html,男,女,,,,2020年05月25日,0个回答,,
宝妈们   能帮我看下这是宝宝还是宝宝吗,https://baobao.baidu.com/question/bd089c4c543c6c06362c814a60d11267.html,男,女,,宝妈们   能帮我看下这是宝宝还是宝宝吗,男,2020年05月26日,0个回答,女,
宝妈们   能帮我看下这是宝宝还是宝宝吗,https://baobao.baidu.com/question/3a4687fa0d2251f5edfb172a02b096a3.html,男,女,,宝妈们   能帮我看下这是宝宝还是宝宝吗,男,2020年05月26日,0个回答,女,
四维彩超谁知道是宝宝宝宝,https://baobao.baidu.com/question/ed21825a89cc4fda4c59fbf18830babd.html,男,女,,帮我看看是宝宝还是宝宝,男,2020年05月25日,0个回答,女,
请大家帮我看看四维，我很好奇是是,https://baobao.baidu.com/question/a41dda1f5882d301820bee9e791c9e5e.html,男,女,,,,2020年05月24日,0个回答,,
请问谁会看的是宝宝还是宝宝,https://baobao.baidu.com/question/a383f370a5314c6e3f92af930819dd99.html,男,女,,,,2020年05月23日,0个回答,,
谁懂得看是宝宝还是宝宝吗,https://baobao.baidu.com/question/c231722129ea7cb9921e1515cd21a16f.html,女,男,,,,2020年05月23日,0个回答,,
六个月了，左边鼓包，是宝宝还是宝宝。,https://baobao.baidu.com/question/461c200d9660de876071cb5ea6e5a5b3.html,男,女,,第一胎是宝宝，希望第二胎宝宝,女,2020年05月21日,0个回答,男,
大神给看看  是宝宝还是宝宝   十三个周了！,https://baobao.baidu.com/question/1ce762fcd754b12fb63b611303b480b5.html,男,女,,,,2020年05月21日,0个回答,,
顺利通过四维彩超，是宝宝还是宝宝呢,https://baobao.baidu.com/question/da2bc1e9c25bb11b3b5627118251b88b.html,男,女,,,,2020年05月21日,0个回答,,
上下避孕吗？,https://baobao.baidu.com/question/da0e37297424937ddb4014075f33cee8.html,女,男,,,,2020年05月21日,0个回答,,
孩孩？家里人特别重轻，求各位看看,https://baobao.baidu.com/question/d15f1ac8e6eb648435d4d601a3b7629e.html,男,女,男,,,2020年05月20日,0个回答,,女
这到底是是孩啊,https://baobao.baidu.com/question/8fad624f677ad645048b84afc083e5b6.html,男,女,,,,2020年05月20日,0个回答,,
三维热辣辣，好好奇是是，有哪位大神会看吗？,https://baobao.baidu.com/question/7a5a13c1dc2d8c0824b859e76bcf9388.html,男,女,,,,2020年05月18日,0个回答,,
各位宝妈看下是是啊,https://baobao.baidu.com/question/e8bb00d55d6f57068afd49055bb6cb14.html,男,女,,,,2020年05月18日,0个回答,,
谁能看出来是是宝宝？,https://baobao.baidu.com/question/7d1c03d02c92f120828664526f430f4a.html,男,女,,帮忙看一下是是宝宝，多谢,男,2020年05月18日,0个回答,女,
谁知道这是是宝宝,https://baobao.baidu.com/question/d21201afdb9215846be39945687f353a.html,男,女,,帮忙看一下是是宝宝，多谢,男,2020年05月18日,0个回答,女,
帮忙看一下是宝宝还是宝宝呀,https://baobao.baidu.com/question/b02f8f0f1dad628470692d9177490f6e.html,男,女,,,,2020年05月17日,0个回答,,
我13，来    h     。。。，，k,https://baobao.baidu.com/question/0ff26f7915a0f9a3f18a3c879fc9cf2d.html,男,女,,,,2020年05月17日,1个回答,,
我13，来。。   h   。。。k,https://baobao.baidu.com/question/0c609e94a883927b0fc2578927f5c7db.html,男,女,,,,2020年05月17日,1个回答,,
谁知道是是类,https://baobao.baidu.com/question/f81d56a9ab85d6137ae47079051af52d.html,男,女,,帮看下,男,2020年05月17日,0个回答,女,
哪位大佬帮我看看Nt检查是宝宝还是宝宝🙏,https://baobao.baidu.com/question/0154bd22435f50c3ffe2504993fe3532.html,男,女,,,,2020年05月17日,0个回答,,
有经验者请帮我看看是是😂,https://baobao.baidu.com/question/1f0325490cf04aa3b239be96986ac33a.html,男,女,,,,2020年05月16日,0个回答,,
怀孕十周，孕囊74✖️33mm，顶臀径38.2mm，能看得出是是,https://baobao.baidu.com/question/67e55d798d2ceb0da0641ca4da18735a.html,男,女,,,,2020年05月16日,0个回答,,
请问一下各位亲们可以帮我解答一下是是吗？,https://baobao.baidu.com/question/800e6438dac8c8cdda9ef614b344beee.html,男,女,,,,2020年05月15日,0个回答,,