rs-line 2,rs-line 3,time,answer,rs-line 4
男宝,接,2020年11月04日,5110个回答,
男宝,接,2020年09月21日,3732个回答,
男宝,接,2019年01月13日,332个回答,
接,男宝,2020年05月26日,0个回答,49天b超报告
接,男宝,2018年12月09日,112个回答,今天早上5点18分生了一枚，顺产无侧切。。
男宝,接,2019年06月23日,201个回答,
男宝,接,2019年12月12日,279个回答,
接,男宝,2019年08月31日,64个回答,提前五天，剖腹产下9.2斤小王子一枚！
接,男宝,2020年05月10日,0个回答,
男宝,接,2020年05月01日,0个回答,
接,男宝,2020年03月26日,0个回答,孕33周啦个凑好字。。。有没有经验的宝妈帮看看吖😂是小米奇还是小米妮吖
接,男宝,2020年03月21日,0个回答,
男宝,接,2020年02月16日,0个回答,老大男孩，想要个女儿，这一胎好不容易要上，现在四个月查是男孩，他爸不想要，我舍不得流，希望男翻女
接,男宝,2019年11月13日,156个回答,终于卸货了，，6.1出生，6.1两，
男宝,接,2019年10月17日,320个回答,同上
接,男宝,2019年09月29日,26个回答,
男宝,接,2019年09月16日,317个回答,10月9号凌晨1点42分，顺产无侧切无撕裂，六斤半，10月8号晚上11点半开始阵痛，痛程两个多小时😉
男宝,接,2019年08月22日,1个回答,女宝来我这
接,男宝,2019年08月10日,4个回答,查的结果是男孩，老公不想要，头胎就是，很舍不得很无奈呀，有想要宝的来吧
男宝,接,2019年07月17日,3个回答,二胎怀孕后上班一直面对着电脑九小时，平时垃圾食品也吃没少吃，前两天一直担心宝宝会不会有问题，做产检前都有些担心，现在终于放心啦，四维确定是个健康男孩，二胎好奇男女孕早期就用的美国性别测试卡测的也是男孩
男宝,接,2019年06月19日,160个回答,
男宝,接,2019年06月19日,160个回答,
男宝,接,2019年06月08日,262个回答,大宝是女儿，马上4岁了，自从怀上二宝就怕再是女孩，不是我重男轻女，只是受环境的影响也想要儿女双全，经朋友介绍去抽血，今天收到通知如愿儿子，传好运，希望各位都像我一样成功凑好字，怀女儿当年吐的我就不想活
男宝,接,2019年05月11日,12个回答,现在20+了，前几天去查了还是，大宝也是，生了这个就不打算生了。可是真的想要个小公主噢～有没有宝妈是女宝的，又舍不得打的，我想要，凑双胞胎养。
男宝,接,2019年05月08日,37个回答,中午刚做完四维，老公跟着一起进去看的，宝宝很配合，医生说五器长的很漂亮，像个金童😝😝😝，虽然我和老公一直以来都想要女宝宝，不过这是第一胎，男孩女孩都好，平平安安
男宝,接,2019年04月26日,2个回答,
男宝,接,2019年04月23日,43个回答,
接,男宝,2019年04月12日,73个回答,我的预产期是11月29日结果提前了两周38周上午顺利生了一个，早上5点多肚子痛见红赶紧去医院，到了医院医生说羊水有点混浊，建议打点催生针，9点打上宫缩就2分钟一次11点孩子就出生了
男宝,接,2019年03月26日,11个回答,自从怀孕后一直健康，逢贴必因为是二胎，超级希望这胎可以是个小公子，那我的任务就完成了！四个多月找熟人查男女如愿了，确定健康儿子，和早期用的这个性别测血卡一样男孩挺准的，传健康好孕给宝妈们
男宝,接,2019年03月24日,9个回答,
男宝,接,2019年03月24日,4个回答,宝宝们好孕
男宝,接,2019年03月22日,84个回答,
男宝,接,2019年03月16日,84个回答,
男宝,接,2019年02月20日,1个回答,有空会把怀超全症状写下来供各位孕妈做参考😄另外祝各位孕妈想生得想生女宝得女宝心想事成
接,男宝,2019年01月15日,2个回答,双胞胎21+5了
接,男宝,2019年01月14日,2个回答,2018年过了，2019来了，迎宝，儿女双全
男宝,接,2019年01月11日,4个回答,
男宝,接,2019年01月02日,8个回答,
男宝,接,2019年01月02日,3个回答,
接,男宝,2018年12月28日,0个回答,
男宝,男宝,2018年12月25日,2个回答,男宝
男宝,接,2018年11月24日,9个回答,
男宝,接,2018年11月20日,0个回答,大宝是女儿，马上4岁了，自从怀上二宝就怕再是女孩，不是我重男轻女，只是受环境的影响也想要儿女双全，经朋友介绍去抽血，今天收到通知如愿儿子，传好运，希望各位都像我一样成功凑好字，怀女儿当年吐的我就不想活
接,男宝,2018年09月13日,277个回答,预产期5月3号提前十天刨腹男孩一枚😊😊……了那么多终于如愿了！谢菩萨保佑🙏🙏🙏护我儿女健康、平安快乐长大
男宝,接,2018年11月16日,1个回答,自从怀孕后一直健康，逢贴必因为是二胎，超级希望这胎可以是个小公子，那我的任务就完成了！四个多月找熟人查男女如愿了，确定健康儿子，和早期用的这个性别测血卡一样男孩挺准的，传健康好孕给宝妈们
男宝,接,2018年11月15日,1个回答,四个多月找熟人B超产检说是个带把的， 腿中间一个小尖尖发育很好，二胎我也儿女双全凑好。和6周用的性别测血卡测试一样男孩、测试挺准的，传好孕，百百中！
接,男宝,2018年09月27日,22个回答,
接,男宝,2018年11月09日,1个回答,听说发催生贴很灵的，求顺产娘娘显灵，求 马上宫缩 马上阵痛 马上发动 马上见红 大人孩子都平安 顺产无侧切无撕裂！，🙏🙏🙏🙏🙏🙏🙏🙏🙏🙏🙏🙏🙏🙏🙏🙏🙏求现在强力发动，求马上见红，求马上宫缩🙏🙏🙏🙏🙏🙏
男宝,接,2018年11月04日,5个回答,自从怀孕后一直健康，逢贴必因为是二胎，超级希望这胎可以是个小公子，那我的任务就完成了！四个多月找熟人查男女如愿了，确定健康儿子，和早期用的测试卡一样男孩挺准的，传健康好孕给宝妈们，二胎儿女
接,接,2018年10月24日,0个回答,
接,男宝,2018年10月23日,4个回答,都来女宝，给我！
男宝,接,2018年10月21日,1个回答,
男宝,接,2018年10月19日,1个回答,
接,男宝,2018年03月24日,1个回答,
男宝,接,2018年09月30日,38个回答,7周确认大胖小子一枚，要的来，孕50天时照了B超确认都有了胎心胎芽，一切都好，心里感觉轻松了一大载，等着结果出来后就抽皿去化验，检测结果也出来了有y确认了儿子，感觉好像预料之中的似的一切都很顺利，祝
接,男宝,2018年09月22日,2个回答,四维照片和宝宝出生一样吗？
男宝,接,2018年09月20日,6个回答,
男宝,接,2018年09月17日,22个回答,
接,男宝,2018年09月02日,1个回答,
男宝,接,2018年08月22日,3个回答,
男宝,接,2018年08月21日,0个回答,
接,男宝,2018年08月20日,19个回答,
接,男宝,2018年08月20日,0个回答,
接,男宝,2018年08月19日,0个回答,7.26的预产期  没有检查过性别  8.2下午17.29顺产一枚好孕咯
接,男宝,2018年08月01日,0个回答,
接,男宝,2018年07月31日,6个回答,六斤四两宝😊刨腹产
接,男宝,2018年07月09日,1个回答,
接,男宝,2018年07月06日,2个回答,要个小公主的心愿彻底破灭，不想那么多了只要宝宝健康聪明足月出生就好，要宝的来吧！
接,男宝,2018年07月02日,0个回答,
接,男宝,2018年06月28日,21个回答,
接,男宝,2018年06月19日,0个回答,诚健康已在腹中，跪求菩萨保佑孕期一切顺利！🙏🙏🙏
接,男宝,2018年06月17日,130个回答,同上
男宝,接,2018年05月25日,2个回答,年后就开始备孕， 准备了三个月，二宝就来了，心情一下高兴一下又紧张！因为有个乖巧的小公主，心底很希望这个小王子，闲着没事各种套症状，对清宫表，隔骨算～～老公都觉得我有些神经质50天b超，宝宝发育得很好
接,男宝,2018年05月12日,5个回答,今天半夜肚子疼  今天下午四点43生了5斤
接,男宝,2018年05月05日,1个回答,男宝
接,男宝,2018年05月03日,0个回答,
男宝,接,2018年04月25日,2个回答,
男宝,接,2018年04月25日,1个回答,因为所有检查都做了 没啥事 新生说 怕回家孩子不适应温度 不怎么吃奶 只想睡觉 宝妈们觉得有问题没
男宝,接,2018年04月25日,2个回答,😃
接,男宝,2018年04月24日,2个回答,
接,男宝,2018年04月18日,3个回答,
接,男宝,2018年04月18日,2个回答,
接,男宝,2018年04月11日,5个回答,
接,男宝,2018年04月03日,2个回答,
接,男宝,2018年03月30日,2个回答,
接,男宝,2018年03月29日,4个回答,24周B超心律142
接,男宝,2018年03月24日,2个回答,帮忙看看是男孩还是女孩谢谢😘😘
接,男宝,2018年03月20日,0个回答,
接,男宝,2018年03月20日,0个回答,
接,男宝,2018年03月18日,1个回答,听说发催生贴很灵的，求顺产娘娘显灵，求 马上宫缩 马上阵痛 马上发动 马上见红 大人孩子都平安 顺产无侧切无撕裂！，🙏🙏🙏🙏🙏🙏🙏🙏🙏🙏🙏🙏🙏🙏🙏🙏🙏求现在强力发动，求马上见红，求马上宫缩🙏🙏🙏🙏🙏🙏
接,男宝,2018年03月17日,1个回答,
接,男宝,2018年03月15日,0个回答,
接,男宝,2018年03月13日,1个回答,
男宝,接,2018年03月08日,0个回答,今天中午12:26分剖宫产下我儿子。怀这个宝宝的过程很艰难，所以感觉有人说就是难宝是有道理的。怀孕初期有出血，怀孕中期肾盂分离，孕晚期血糖又高。总之每个阶段都有点问题。但是结果挺好，人生圆满！
接,男宝,2018年03月07日,1个回答,
接,男宝,2018年03月04日,0个回答,
接,男宝,2018年03月01日,2个回答,
男宝,接,2018年02月27日,1个回答,
男宝,接,2018年02月05日,0个回答,
男宝,接,2018年02月02日,2个回答,
接,男宝,2018年02月01日,5个回答,
男宝,接,2018年01月22日,0个回答,我这是二胎，健康女宝，谁会看帮忙看下，谢谢
男宝,接,2018年01月20日,0个回答,
男宝,接,2018年01月20日,0个回答,
接,男宝,2018年01月17日,0个回答,
接,男宝,2018年01月16日,0个回答,
男宝,接,2017年11月21日,1个回答,顺产侧切，那疼的滋味简直不敢想象
接,男宝,2018年01月11日,0个回答,
接,男宝,2018年01月11日,0个回答,
男宝,接,2018年01月05日,5个回答,
接,男宝,2017年12月21日,3个回答,
男宝,接,2017年12月12日,0个回答,
接,男宝,2017年12月01日,1个回答,
接,接,2017年11月06日,0个回答,接
接,男宝,2017年11月06日,0个回答,
接,男宝,2017年11月03日,1个回答,
接,男宝,2017年10月20日,0个回答,
男宝,接,2017年10月18日,1个回答,小宝贝  爸爸妈妈 还有你姐姐都很期待你的到来哦😚😚
男宝,接,2017年10月17日,0个回答,有没有宝妈成功男翻女的啊，亲
男宝,接,2017年10月14日,17个回答,
男宝,接,2017年10月06日,0个回答,
男宝,接,2017年10月01日,3个回答,
接,男宝,2017年09月25日,0个回答,断奶第一月没避孕。不知道怀孕没，今天来大姨妈，没有来。各位宝妈的好孕。跪求！
男宝,接,2015年08月25日,1个回答,宝妈们你们是怎么给把尿呢？是让宝宝躺着用小瓶子？还是抱起来往小尿盆里尿？我家宝之前都是躺着用瓶子'可是他特不老实总把瓶子踢偏了'抱起来尿也尿不到尿盆
接,,2020年10月30日,0个回答,
接,,2020年10月28日,3个回答,家里有一女宝宝一岁半，实在太调皮了，叫她不要碰的东西，她便要碰，叫她不去做的事情便要做，打也不怕也不哭，真打，就例如她玩鞋子，鞋架上的鞋子一只只丢的到处都是，打了她说了她。她转眼又去丢，跟听不进一样的
接,,2020年10月25日,0个回答,六点才下班
接,,2020年10月21日,5个回答,前两胎胎停育，这次知道怀孕，五周的时候去抽血，中医院直让住院保胎说雌激素和孕酮太低，找了熟人又去其他医院，让隔天抽血观察翻倍情况，隔天和隔四天查的翻倍都挺好，孕酮也在涨，七周去抽血，孕酮比六周时候还
接,,2020年10月20日,0个回答,
接,,2020年10月19日,0个回答,
接,,2020年10月14日,462个回答,
接,,2020年10月13日,0个回答,睡醒就嘴里哼嗯，感觉很使力的样子，脸都是红色的，母乳喂养，一天一至两次奶粉，24小时左右大便一回，小便每天5-8次，益生菌也在吃
接,,2020年10月07日,0个回答,4岁的儿子今年五月出车祸死了，真的放不下他，想重新怀孕，能不能把他回来。看了很多轮回什么的，前世今生这些，说人死了只是肉体死了，灵魂不死会再换一个躯体回来。特别是美国的好几个案例，投胎回上一世的家族
接,,2020年10月07日,0个回答,
接,接,2020年10月05日,1个回答,
接,,2020年10月04日,0个回答,
接,,2020年10月04日,0个回答,
接,,2020年10月03日,2个回答,
接,,2020年09月30日,0个回答,
接,,2020年09月24日,0个回答,
接,接,2020年09月13日,13个回答,
接,,2020年09月13日,2个回答,
接,,2020年09月13日,889个回答,7月8号刨腹产男孩，两个儿子的感觉也挺不错的
接,,2020年09月12日,2.36万个回答,
接,,2020年09月11日,0个回答,
接,,2020年09月09日,2个回答,
接,,2020年09月08日,1个回答,
接,,2020年09月04日,4个回答,
接,,2020年09月02日,0个回答,不是很哭闹的，哭着哭着有点上气不下气的。好像想哭又哭不出来的那种，请问是怎么回事。发生到现在有两次了，之前一次是在两个多月
接,,2020年08月31日,0个回答,８３８４５６O２
接,,2020年08月31日,0个回答,８３８４５６O２
接,,2020年08月26日,1个回答,
接,,2020年08月25日,1个回答,
接,,2020年08月24日,0个回答,
接,,2020年08月23日,0个回答,
接,,2020年08月23日,8个回答,
接,,2020年08月23日,0个回答,试过不理他，结果人家自己爬起来了，轻拍搂抱都不好使，甚至奶睡他，过一会也醒😒现在每天都要困死了…一直吃d3加补钙
接,,2020年03月08日,1.32万个回答,
接,,2020年08月20日,0个回答,这回吵架两人都动手了，我带孩子回自己家住了一个多月了，他没有电话，也没来，是真想离婚吗？我其实不想离的，就是气头上说了那样的话，我要主动联系他吗？这样他会不会更不拿我当回事？不知道怎么办了 ，好无助
接,,2020年08月15日,0个回答,蹦伦怕肿诿睹杭油蹦伦怕肿诿睹杭油
接,,2020年08月10日,2个回答,24周四维检查出来隔离肺，之后就各种检查各种担心，最感谢的人是芜湖第一人民医院的肖主任，她一直认真负责的帮助我检查，之后的几次复查中没有变大，今天去复查已经完全看不到了，为了这个我不知道哭了多少次，如
接,接,2020年08月05日,1个回答,
接,接,2020年08月05日,0个回答,
接,,2020年08月04日,0个回答,
接,,2020年08月03日,4个回答,
接,,2020年07月31日,6个回答,
接,,2020年07月28日,0个回答,
接,,2020年07月26日,2个回答,肚胀，胀的难受屁也不少，下来两三天肚子会疼，腰有一天特别酸伴随着姨妈感肚子疼特别像例假。尿频明显，从26号开始乳房明显疼痛变软，乳头很敏感。是怀孕前症状吗
接,,2020年07月26日,5个回答,能看出男女吗？
接,,2020年07月22日,0个回答,
接,,2020年07月19日,1个回答,心里不舒服，白天带娃够累了，7点有公交也可以打车，主要下雨又要去市区，视线很不好，为啥非要我来，我跟他说了走不开，我只有等我妈来看娃，才能他，他并没有说不要我过来了，还是宁愿等我慢慢开过去，等了
接,,2018年11月17日,1805个回答,吃了安胎药和补孕酮的，想知道叶酸和润康能不能同时吃
接,,2019年06月20日,200个回答,
接,,2019年01月12日,226个回答,2018年11月13日 阴历十月初六 13点53分 喜得千金 六斤一两 母女平安 顺产 预产期提前一天 
接,,2020年01月15日,317个回答,
接,,2019年05月13日,114个回答,
接,,2019年04月23日,412个回答,
接,,2018年06月24日,16个回答,哪位大神可以帮我看看是男宝还是女宝
接,,2018年09月07日,223个回答,妈妈痛的值，恭喜我吧，宝妈们！
接,,2019年08月21日,716个回答,老听别人说做四维困难，有的甚至一天都做不完，怎么我的不到二十分钟就完事了？是不是大夫看的不仔细？有懂得宝妈吗？还有能在四维彩超上看出男女吗？只是好奇心而已。只要健康男女都好
接,,2020年07月14日,0个回答,
接,,2020年07月13日,0个回答,
接,,2020年07月08日,0个回答,
接,,2020年07月06日,337个回答,
接,,2020年07月06日,0个回答,
接,,2018年08月24日,238个回答,预产期7.7日1号发动，昨天下午已经生了，顺产7斤9母女平安，谁谁中，还以为是男宝呢！数字胎动都像男宝
接,,2020年07月01日,0个回答,宝宝一到洗澡就大哭，上气不下气的那种？哭的都有点窒息。怎么办？现在大热天的，只能用毛巾沾水檫洗
接,接,2020年06月26日,0个回答,种计划里的自费疫苗是不是必须？以前有人很我说只要种免费的疫苗就行。自费的根据家庭情况选择，但我看到有人说计划里的都是强制的。我用的小豆苗
接,,2020年06月26日,0个回答,
接,,2020年06月25日,0个回答,
接,,2020年06月22日,1个回答,清宫后第五天流黄色液体有时还有一些粘液 一点黄色粘液清洗时用手摸出来白色粘液现在是第九天
接,,2020年06月22日,0个回答,
接,,2020年06月20日,1个回答,这11个月宝宝晚上总是醒，醒了吃几口，就着睡，一晚上醒4-5回，这是什么情况呢，吃的也很少，急啊
接,,2020年06月19日,0个回答,
接,,2020年06月18日,0个回答,宝宝脸上结痂，有个坑，会不会留疤，能自己长好吗？需要涂抹什么有用啊
接,,2020年06月18日,1个回答,
接,,2020年06月18日,3个回答,
接,,2020年06月17日,0个回答,浑身使劲，眼睛里流泪，持续二分钟
接,,2020年06月16日,0个回答,已知男女但想翻盘
接,,2020年06月14日,0个回答,
接,,2020年06月14日,1个回答,
接,,2020年06月12日,0个回答,
接,,2020年06月07日,0个回答,第二胎了，谁能知道是小棉袄还是皮夹克
接,,2019年09月21日,410个回答,
接,,2020年06月02日,0个回答,
接,,2020年05月31日,0个回答,
接,,2020年05月30日,0个回答,
接,,2020年05月28日,0个回答,
接,,2020年05月25日,0个回答,
接,,2020年05月24日,0个回答,学校里谈恋爱八年到结婚，现在家里有两个孩子，老大2岁半面临上幼儿园，小的刚刚1岁，公公婆婆年纪都比较大（婆婆62，公公69）现在带2个孩子，但是两个老人身体都不太好。 婆婆还是个“热心肠”，大宝不到一
接,,2019年08月11日,716个回答,
接,,2018年08月09日,7个回答,
接,,2019年09月17日,317个回答,2018年8月16日出生 二宝男孩  儿女双全！
接,,2018年08月24日,4个回答,8月12号中午12点，男宝一枚，六斤半，祝各位孕妈好孕哦😄😄😄
接,,2019年04月19日,182个回答,早上8点45，顺利剖宫产下小公主一枚，如愿了。祝各位宝妈都心想事成
接,,2019年04月10日,101个回答,
接,,2018年10月11日,9个回答,这是小王子还是小公主？
接,,2020年05月19日,2个回答,为什么做了四维彩超，下来两次做彩超医生还会问有没有做四维呢
接,,2020年05月16日,0个回答,今天刚生的喝的奶粉，就是宝宝正睡着呢，然后就哭着醒了就喝奶，还没喝两口又睡着了，反复这样。这种情况各位宝妈知道如何应对吗
接,,2020年05月12日,0个回答,是福不是祸  是祸躲不过，宝贝 对不起，我没能给你找一个疼爱你的爸爸。妈妈以后会保护好你的
接,,2020年05月10日,0个回答,
接,,2020年05月07日,0个回答,
接,,2020年05月05日,3个回答,
接,,2020年05月04日,0个回答,
接,,2020年04月30日,0个回答,
接,,2020年04月27日,0个回答,一次体温分别是:36.5   36.8   37.2  37.1  36.9
接,,2020年04月26日,1个回答,
接,,2020年04月25日,0个回答,
接,,2020年04月25日,0个回答,如何矫正宝宝含姿势
接,,2020年04月22日,0个回答,今天四维顺利通过，很好奇宝宝是男孩女孩，有会看的吗？帮忙看看！
接,,2020年04月21日,0个回答,宝宝吃母乳，图片上的药还能吃不？
接,,2020年04月19日,0个回答,出生第四天出现黄疸，第五天黄疸值脸上增高到23，身上18。这时已经50个小时没拉大便。当天办理住院，不让探视，电话询问也只能没有二四六，照了蓝光第二天黄疸降下来了，医院还没查出病因，检查做了很多。想
接,,2020年04月18日,0个回答,做的阴超还未见胎心萌芽，二胎孕囊1.4*1.0*0.7是男孩还是女孩，有懂得能看下么[郁闷]
接,,2020年04月12日,0个回答,见红后躺床上，肚子不断疼一阵子，
接,,2020年04月08日,0个回答,
接,,2020年04月07日,719个回答,
接,,2020年04月07日,0个回答,
接,,2020年04月01日,0个回答,这是一座纸醉金迷的大城市，它热情的包容所有人，同时，它也无情的可怕。它欢迎充满激情的追梦者，却也淘汰着追梦路上的失败者。;　　“沈哥，这可不有趣。”冷刃将他做打车手势的手收了回来，转身看着沈炽，“昨天
接,,2020年04月01日,0个回答,怎么样控制体重？怎么样能生出健康的宝宝？
接,,2020年03月30日,1293个回答,我是第一胎，我自己和医生都觉得不可思议的快，第一次内检开2指，第二次内检都能摸到宝宝头了，因为知道内检不好受，要是捡了不开宫口，还会打压自己信心，所以我宁可不看。一开始宫缩就两分钟一次，真的超级快，这
接,,2018年09月19日,2个回答,
接,,2018年08月22日,0个回答,胎心165，谁知道是男孩女孩👧想要个女孩大宝是男孩
接,,2020年03月28日,34个回答,祝大家好孕，快来吧
接,,2020年03月26日,0个回答,四个多月了，白天睡一个小时就醒，晚上也是一个小时最多两个小时醒一次，抱起来喂喂拍拍就睡了，有时一晚上醒五六回，怎么让宝宝比较好的觉呢
接,,2020年03月26日,1个回答,我怀孕53天，阴道一直有出血，去医院看了，医生说是子宫出血，让我吃保胎药，检查了HCG和孕酮都挺好，就是一直流血，怎么办？
接,,2020年03月25日,0个回答,
接,,2020年03月25日,0个回答,
接,,2020年03月15日,0个回答,
接,,2020年03月14日,0个回答,
接,,2020年03月11日,0个回答,
接,,2020年03月08日,2个回答,只要几秒钟没有哭出来就这样，每次都把我吓得
接,,2020年03月07日,2个回答,宝宝四个月，晚上睡觉时先委屈的哭几声，着哇哇大哭，隔三差五的这样，怎么回事？
接,,2020年03月06日,9个回答,虽然过程有点长，从39天有褐色分泌物吓我宫外，到49天见胎芽又吓我胎停，到今天60天找了熟人医生，一切正常。给正在好孕的妈妈们加油，鼓励。做B超说宝宝其实只有50来天大小，发育晚。各位宝妈一定要相信自
接,,2020年03月02日,1个回答,
接,,2020年03月01日,0个回答,
接,,2020年03月01日,2个回答,"刚刚喂过奶，孩子又哭，喂了30ml,水，然后拉了，着又哭，又要吃，感觉老是没吃饱，可是明明都打嗝了，这是怎么回事？新生儿，出生5天"
接,,2020年02月28日,0个回答,NT报告出炉了，会看男女的吗
接,,2020年02月24日,0个回答,
接,,2020年02月22日,64个回答,孕5周+5天见红去医院BC无卵黄囊无胎心胎芽，回家打黄体酮吃保胎药卧床休息，一直很担心今天复查终于都有啦
接,,2020年02月20日,0个回答,儿子判给我，女儿判给前妻。三年后我再婚了，我跟现在老婆带着儿子，后来商量着一起把女儿过来玩个暑假送回去，我爸妈也带了段时间，后来前妻说她没时间，在新西兰打工办移民…说是为了孩子好，以后小孩去国外
接,,2020年02月18日,0个回答,家里有暖气就穿了一件薄的，纯母乳喂养，没有吃鱼虾。已经带凉了，头脖子都热，脚冷。
接,,2020年02月17日,3个回答,四维通过了，检查是个男孩👦，头一胎是个女孩，这两个肚形都一样
接,,2020年02月16日,0个回答,宝宝15个月长了下切齿然后就长第一个磨牙，顺序从长了1就着长5了，这正常吗
接,,2020年02月14日,0个回答,我的小孩胳膊脱臼了，上了，然后是左都怪这是什么位置呀？
接,接,2020年02月11日,0个回答,5个月的宝宝，以前都是自主入睡，但最近睡眠情况不好，睡觉总醒，觉不上，需要人陪着安抚她，才能继续睡，还必须妈妈陪着，一睁眼看妈妈不在或者不是妈妈，就大哭，怎么回事啊？
接,,2020年02月11日,803个回答,
接,,2020年02月09日,0个回答,
接,,2020年02月06日,0个回答,
接,接,2020年02月06日,23个回答,棒，宝宝不睡觉太熬人，希望完棒后宝宝睡大觉。大家可以一下，听别人说挺管用的，不妨一试。
接,,2020年02月06日,6个回答,
接,,2020年02月04日,0个回答,
接,,2020年02月03日,0个回答,
接,接,2020年02月02日,0个回答,
接,,2020年02月02日,0个回答,
接,,2020年02月02日,0个回答,
接,,2020年01月30日,0个回答,
接,接,2020年01月29日,23个回答,
接,,2020年01月27日,0个回答,
接,,2020年01月21日,93个回答,
接,,2020年01月21日,0个回答,心里没着没落的，15号那天晚上回来喝酒了，17号晚上也喝酒了，18号中午跟厂里工人喝酒，说好了晚上不再喝酒了，结果不光又出去喝酒，还洗澡去了。我特别的生气，五年前生完孩子得了产后抑郁症，就一直吃药，病
接,,2020年01月20日,0个回答,
接,,2020年01月20日,0个回答,
接,,2020年01月19日,2个回答,
接,,2020年01月18日,2个回答,
接,,2020年01月17日,2个回答,
接,,2020年01月15日,0个回答,宝宝每天睡到早上6点左右的时候就使劲吭叽，挠头，睡两分钟使劲一会，完了再着睡怎么回事？
接,,2020年01月14日,0个回答,
接,,2020年01月14日,152个回答,
接,,2020年01月13日,1个回答,
接,,2020年01月10日,0个回答,
接,,2020年01月08日,0个回答,孩子出生第四天送到八一医院治疗黄疸，回来以后头上，脖子上，长了好多白东西，医生说是汗疱疹，我查了图片不像汗疱疹，想问一下是什么东西，什么原因，怎么办？希望好心人看到解答
接,,2020年01月08日,0个回答,
接,,2020年01月05日,1个回答,
接,,2020年01月03日,0个回答,
接,,2020年01月03日,0个回答,小孩手臂折断开，没有手术，中医只了二分之一，说是可以康复，请大家看看这个片，医生说的对吗？请问有后遗症吗？
接,,2020年01月03日,3个回答,
接,,2020年01月03日,0个回答,首先池子小   抱不动
接,,2020年01月02日,139个回答,祝大家好孕
接,,2020年01月02日,0个回答,天惶惶，地惶惶，我家有个夜哭郎，过路君子念三遍，一觉睡到大天亮。
接,,2020年01月01日,5个回答,
接,,2020年01月01日,300个回答,
接,,2019年12月26日,0个回答,50天的宝宝奶粉喂养，现在吃了都睡，饿了哭醒吃了又着睡，整天睡觉，这正常吗？
接,,2019年12月26日,6个回答,
接,,2019年12月24日,0个回答,被大喊大叫的就放假放假放假
接,,2019年12月23日,1个回答,
接,,2019年12月22日,1个回答,
接,,2019年12月21日,1个回答,
接,,2019年12月21日,1个回答,"她妈妈生完他也得肺结核，没过几天孩子也查出了肺结核，孩子的妈妈妈得到了治疗。可孩子,我跑遍济南都没人收，我又上了北京各个治疗孩子这个病医院也没有人能收，连北京国家医院都没收我的孩子，求求大家帮我"
接,,2019年12月21日,1个回答,现在生完孩子5个月，顺产，19岁，男孩，而且现在没上班没工资，靠老公一个人上班，婆婆对我还算可以，在月子里还喂我吃饭，现在我们还没有买车，暂时不想生，只生一个婆婆又说太孤单，周围的邻居都劝说要生二胎就
接,,2019年12月20日,1个回答,
接,,2019年12月20日,0个回答,晚上给他喝点水，也不行，必须要喝奶粉才会睡，不然就闹。有什么办法能戒掉几顿夜奶吗
接,,2019年12月19日,0个回答,晚上睡不安稳
接,,2019年12月14日,0个回答,
接,,2019年12月11日,14个回答,七周加一的彩超报告，有没有同城的，我先说，我在上海
接,,2019年12月09日,3个回答,
接,,2019年12月09日,3个回答,孕18周唐筛检查，临界风险，然后直做无创DAN顺利通过！希望所有的宝贝跟我的宝贝一样安好顺利出生！宝妈们加油！加油！
接,,2019年12月08日,0个回答,
接,,2019年12月07日,0个回答,
接,,2019年12月04日,0个回答,
接,,2019年12月03日,2个回答,
接,,2019年12月03日,1个回答,
接,,2019年12月03日,12个回答,
接,,2019年11月29日,0个回答,
接,,2019年11月28日,407个回答,
接,,2019年11月27日,1个回答,食药监督管理局能查到，食品级，安全无副作用，不反弹，我宝宝八个月断奶，试过很多都失败了，这次成功瘦了20斤
接,,2019年11月25日,1个回答,12+2做的nt，宝宝很配合，一次通过，就是数据好少😂，看着宝宝像趴着，有没有会看男孩女孩的
接,,2019年11月24日,2个回答,上海哪里能买到德国版爱他美白金版的奶粉，十万火急，宝宝不上吃了，或者有宝妈愿意转一桶给我吗，2段的，真的很急
接,,2019年11月22日,0个回答,退烧后出的疹子是红色，先是前胸后背，然后是大腿小腿分布特别多，红疹子退下后，有天脱衣服时发现两胳膊都是密密麻麻的小米粒疙瘩，摸着很粗糙，是怎么回事！腿上也有，没有这么密。肚子和后背不多，摸着皮肤很滑。
接,,2019年11月17日,2个回答,宝宝有湿疹，今天吃了磨牙棒3小时后突然眼睛肿了，身上一片片的坨，突然宝宝叫了两声后没反应，着脸苍白无力要睡，这是怎么回事？一般要怎么处理？有碰到过这问题不？急
接,,2019年11月15日,1个回答,今天十三点四十四出生的，一切健康
接,,2019年11月13日,0个回答,
接,,2019年11月12日,1个回答,
接,,2019年11月12日,0个回答,
接,,2019年11月10日,0个回答,4个月的宝宝会翻身后，特别是晚上刚睡着迷糊状态下翻身着就哭，一晚上能翻身哭N次，有一样的宝宝吗？要怎么办啊？
接,,2019年11月07日,377个回答,
接,,2019年01月06日,0个回答,
接,接,2019年11月06日,0个回答,
接,,2019年11月06日,1个回答,
接,,2019年11月06日,1个回答,
接,,2019年11月06日,1个回答,
接,,2019年10月29日,33个回答,今天是怀孕52天，二宝的首次B超单出来咯～本来算日子是七周的，医生看了B超单说有差不多九周大了，说下星期可以来建小本本咯，看电脑宝宝都成形了，好开心呀～胎芽长14.6mm，见心管搏动，谁谁中！！！
接,,2019年10月27日,0个回答,脸憋的很红的时候，嘴也大张着，想哭还哭不出来的感觉。。感觉在很用劲，哭出来两声或者按按肚子就过去了
接,,2019年10月26日,0个回答,我家是农村的，小孩在县城上小学有学校校车送，因为修路的原因校车不肯到指定的地方，校长还吓唬孩子，再说就不去了，我该怎么办。
接,,2019年10月25日,2个回答,同志们看看男孩女孩😄
接,,2019年10月25日,2个回答,
接,,2019年10月23日,0个回答,
接,,2019年10月16日,4个回答,
接,,2019年10月15日,0个回答,
接,,2019年10月15日,0个回答,
接,,2019年10月12日,1个回答,这样会对孩子发育的问题吗
接,接,2019年10月12日,1个回答,宝宝每次吃完着拉，拉完着要吃反反复复好几次是为什么？
接,,2019年10月09日,0个回答,早上送幼儿园，进校园就开始流泪，妈妈，要早点来我，下午放学去他，回来心情还不错，可到晚上就说我不想去上学了，没人和我玩，劝说半天就说那你要早点来我，一直重复N多遍！刚开始回答他还有耐心，说的次数
接,,2019年09月30日,0个回答,
接,,2019年09月29日,0个回答,我应不应该计较    我是觉得她什么事都给我老公说
接,,2019年09月29日,0个回答,
接,,2019年09月27日,0个回答,
接,,2019年09月27日,1个回答,宝宝一岁多的时候因为家暴离婚了、宝宝跟着爷爷奶奶、以前都是一个星期半个月的去她出来玩一次去买衣服什么的、今年过年的时候她爷爷奶奶有事回老家了把宝宝给我带了一个星期、然后过完年又给我带了一个星期、现在
接,,2019年09月26日,0个回答,
接,接,2019年09月26日,0个回答,
接,,2019年09月25日,0个回答,
接,,2019年09月24日,0个回答,
接,,2019年09月23日,2个回答,
接,,2019年09月23日,0个回答,宝宝马上一周，每天两次辅食，白天三次奶，八点睡七点起，夜里一次奶，每次150.最近四五点总哭哭睡睡，，昨天哭的很严重就要喝奶，喝了90之后很快入睡，没有哭，宝宝是真的饿的睡不着吗？
接,,2019年09月22日,0个回答,宝宝三个月啦
接,接,2019年09月22日,0个回答,
接,,2019年09月19日,0个回答,可以打胎吗？然后多久可以做手术
接,,2019年09月19日,0个回答,
接,,2019年09月18日,4个回答,
接,接,2019年09月17日,1个回答,挺可爱的宝宝  能看出男孩女孩么
接,,2019年09月15日,0个回答,
接,,2019年09月13日,11个回答,
接,,2019年09月12日,406个回答,
接,,2018年09月18日,1674个回答,
接,,2019年09月10日,0个回答,昨天去做b超再次确认是女宝，三次做b超三个不同的医生都说是女宝，翻盘没希望了，想想两个女儿也不错，贴心小棉袄。
接,,2019年09月09日,0个回答,问一下刚怀孕吃了16天醋酸甲羟孕酮片每天加叶酸片各吃一片，到现在才知道这个孕酮片孕妇不能吃，有没有孕早期吃过的宝妈？生的宝宝有没有事？
接,,2019年09月09日,407个回答,
接,,2019年09月07日,317个回答,
接,,2019年09月07日,0个回答,
接,,2019年09月07日,0个回答,
接,,2019年09月05日,0个回答,
接,接,2019年09月03日,0个回答,
接,,2019年09月01日,1个回答,
接,,2019年08月31日,299个回答,
接,,2019年08月31日,3个回答,
接,,2019年08月30日,0个回答,大家帮忙看看是男孩还是女孩？
接,,2019年08月30日,0个回答,
接,,2019年08月30日,2个回答,您好！我是在同房后第六天感冒发烧，着吃了三天感冒药还打了两针退烧针，后来才发现自己怀孕，对胎儿有影响吗？
接,,2019年08月28日,19个回答,
接,,2019年08月28日,0个回答,
接,,2019年08月28日,53个回答,末次月经4月25号，5月30号检查孕酮25，hcg1200大夫说着床晚，6月4号又查血，孕酮25.1hcg10000多，大夫说长的很好。6月8号又查血孕酮27.1hcg11800大夫说翻倍不好开的药💊
接,,2019年08月27日,718个回答,有没有会看的宝妈帮我看看是男宝女宝
接,,2019年08月27日,257个回答,
接,,2019年08月27日,1个回答,
接,,2019年01月02日,62个回答,预产期12月30号，20号早上还没起床肚子微疼，出了点咖啡色来医院，一天没动静，二十号晚上发动，21号早上十点左右进产房，十点46分顺产生，轻微撕裂，一胎男宝宝，七斤，母子平安。
接,接,2019年08月25日,2个回答,
接,,2019年08月25日,1个回答,
接,,2019年08月24日,0个回答,
接,,2019年08月23日,1个回答,
接,,2019年08月22日,1个回答,
接,,2019年08月22日,0个回答,
接,,2019年08月22日,0个回答,
接,,2019年08月21日,0个回答,刚生过宝宝第六天，我肚子里每天咕噜噜的，现在宝宝只要吃母乳的时候，肚子也会咕噜噜的，每次着都会拉粑粑！我不知道我是怎么受凉了，谁有好的办法解决吗？
接,,2019年08月21日,0个回答,
接,,2019年08月19日,2个回答,我吃叶酸才刚刚四天，但昨天吃完突然就恶心想吐，直到很久才好，请问宝妈们有那种吃叶酸恶心的吗？今天也不敢吃了，也不知道是该着吃还是停下来
接,,2019年08月18日,2个回答,
接,,2019年08月18日,4个回答,
接,,2019年08月17日,1个回答,
接,,2019年08月16日,4个回答,
接,,2019年08月16日,1个回答,
接,,2019年08月16日,717个回答,
接,,2019年08月15日,1个回答,有能看出男宝女宝的吗？😄好奇
接,,2019年08月14日,12个回答,祝各位宝妈都到好孕
接,,2019年08月14日,155个回答,今天做之前手机显示走了两万步，十几分钟就做好了!希望有大佬可以帮我看看是男是女!万分感谢啊！
接,,2019年08月11日,7个回答,在转盘抽奖的手表198是坏的，电话没人电话：18942667372希望大家以后不要上当受骗了
接,,2019年08月10日,142个回答,第一胎老婆怀的男孩👦
接,,2019年08月10日,1个回答,我孩子才2岁多，上幼儿园，离婚之前说的好好的让孩子，离婚协议没有写可以，只写了探视权，男方家里现在又变卦，说不让孩子，只能去学校门口看，孩子本身是很愿意跟我的，他爸爸从来不管，扔给他奶奶，孩子四
接,,2019年08月10日,1个回答,
接,,2019年08月10日,1个回答,结婚前就没了公公，结婚后没多久婆婆就想再婚，当时我也有了身孕，想着正需要人我当时就没同意，可是他们还是继续来往后来不知道怎么的，这事儿也黄了。现在我们家大女儿已经四岁了，我下个月就要生第二个宝宝了，婆
接,,2019年08月09日,0个回答,
接,,2019年08月09日,2个回答,
接,,2019年08月08日,3个回答,备孕中，但老公刚了个大项目，明显感觉到他体力不济，有没有啥调理的好办法呢？
接,,2019年08月07日,17个回答,
接,,2019年08月06日,0个回答,
接,,2018年12月24日,43个回答,前天去做的
接,,2019年08月05日,1个回答,
接,接,2019年08月05日,83个回答,
接,,2019年08月05日,0个回答,81天的宝宝5天没拉臭臭了  吃了益生菌拉了之后   还要着吃吗？
接,,2019年08月04日,717个回答,
接,,2019年08月04日,150个回答,
接,,2019年08月04日,1个回答,之前跟老公吵架，两个人都动手了，我很生气说要离婚就带着孩子回了自己家。我以为他过后回来我回去，没想到都过了一个多月了，他都没露面。我就是在气头上说要离婚，实际上有孩子不想离婚的。之前也离过一次了，在
接,,2019年08月03日,3个回答,2个多月宝宝混合喂养，每次先母乳着吃配方奶，应该间隔多久喂一次？
接,,2019年08月03日,317个回答,
接,,2019年08月01日,7个回答,
接,,2019年07月31日,2个回答,
接,接,2019年07月30日,3个回答,
接,,2019年07月26日,1个回答,
接,,2019年07月25日,1个回答,
接,,2019年07月02日,714个回答,
接,,2019年07月25日,66个回答,
接,,2019年07月25日,2个回答,
接,,2019年07月25日,405个回答,
接,,2019年07月24日,3个回答,昨晚还做梦，清楚的记的，检查空腹2.9/一小时5.9二小时7.2吓的我到处找医生，也没头续，吓醒了，我就祷告，早上起来又祷告交托神，求神帮助，在神没有难成的事。今早去检查糖耐，结果正常，现在终于放心了
接,,2019年07月21日,0个回答,
接,,2019年07月20日,717个回答,祝宝妈们都如愿
接,接,2019年07月20日,0个回答,
接,,2019年07月20日,0个回答,
接,,2019年07月18日,1个回答,39了周了  我家宝宝还不想出来
接,,2019年07月18日,0个回答,
接,,2019年07月17日,59个回答,
接,,2019年07月17日,30个回答,
接,,2019年07月17日,136个回答,宝宝经常打嗝，打嗝后着就吐奶，有什么办法吗
接,,2019年07月17日,6个回答,
接,,2019年07月16日,298个回答,帮忙看下男宝女宝，孕周23+1  末次月经10月17 预产期7月24
接,,2019年07月11日,5个回答,四维通过了，有没有能看懂的？帮忙看下男孩女孩
接,,2019年07月10日,0个回答,
接,,2019年07月09日,1个回答,NT顺利通过，辛苦了3个月，终于有点小成就了，开心。孩子偏大几天。
接,接,2019年07月08日,298个回答,分享经验：胎停两次，这次46天查bc只有卵黄囊，50天有褐色分泌物有血块，急诊bc有胎心胎芽了，宝宝很坚强，宝妈们努力，好孕！
接,,2019年07月06日,0个回答,
接,,2019年07月06日,2个回答,孩子出生一直自己带到1岁半，婆婆没有管过也没有给过钱，老公挣得不多，无奈中把孩子送回去农村里的婆婆带，结果才带了两个月，孩子又黑又脏，而且还天天不吃饭，婆婆还是抽烟喝酒的人，一点都不忌讳孩子，抱着孩子
接,,2019年07月06日,2个回答,
接,,2019年07月02日,1个回答,
接,,2019年07月01日,0个回答,
接,,2019年06月30日,0个回答,
接,,2019年06月30日,0个回答,晚上老把尿拉床上。以前没有这个问题，就这个个把月。
接,,2019年06月29日,0个回答,
接,,2019年06月28日,202个回答,这是多少周呀？上次检查时，医生说约六周，现在过两周了，又说是约7十w，有谁会看呀，到底是多少天了？
接,,2019年06月26日,109个回答,
接,,2019年06月26日,202个回答,
接,接,2019年06月24日,0个回答,
接,接,2019年06月24日,1个回答,
接,,2019年06月23日,1个回答,月子里婆婆就和我吵架，感觉要崩溃了，还是当着我妈妈的面，我马上就出月子了，出了月子妈妈就把我回家住，因为是远嫁，不然早走了。等回来的时候不打算住一起了，伤心，宝妈们，有没有谁来安慰安慰的，早夸了。先
接,,2019年06月22日,1个回答,
接,,2019年06月22日,2个回答,怀孕38天，经历六天的褐色分泌物，着两天见红，打了黄体酮，这几天又是黑色的
接,,2019年06月21日,0个回答,
接,,2019年06月20日,132个回答,
接,,2019年06月19日,1个回答,
接,,2019年06月18日,0个回答,
接,,2019年06月16日,1个回答,
接,,2019年06月16日,1个回答,
接,,2019年06月15日,2个回答,大家都是几周的时候查出的胎心胎芽呀？做得是腹超还是阴超呢？
接,,2019年06月15日,52个回答,
接,,2019年06月14日,3个回答,
接,,2019年06月13日,170个回答,老公的外婆以前有过双胞胎史 我家没有听到是双胞胎时我十分的惊讶也害怕会有输血综合症什么的 百度了一下 异卵双胞胎不会得输血综合症 非常的开心开始的时候做过两次超 一次是37天的时候 一次是48天的时候
接,,2019年06月13日,2个回答,
接,,2019年06月09日,1个回答,
接,,2019年06月08日,1个回答,
接,,2019年06月02日,1个回答,
接,,2019年06月02日,1个回答,
,,2015年10月30日,1个回答,宫外孕会来月经吗？我明明查出怀孕了可是怎么又来月经了呢？会不会是宫外孕啊？
,,2017年02月08日,1个回答,孩子有浓痰，排痰困难，化痰用哪一种儿童止咳口服液？
接,,2019年05月29日,13个回答,
接,,2019年05月29日,1个回答,
接,,2019年05月29日,20个回答,初次备孕 今天是排卵日可是这几天风热感冒了。 老公也有点风热感冒 。我们可以吃中成药吗？可以怀孕吗？在线等😊🍻 原谅我是个标题党。
接,,2019年05月28日,66个回答,
接,,2019年05月27日,202个回答,
接,,2019年05月25日,27个回答,我和我老公当时两边的父母都不同意，才礼只给了几千块钱，婚纱也没穿，他们家这边只有几桌客人，他家的人现在对我也不好，现在想想太不值得了，
接,,2019年05月24日,3个回答,前两天婆婆给老公打电话说等我快生了让老公开车回去她，我不想让老公回去，想让婆婆自己坐车来，因为开车来回要八九个小时，路程远费钱不说，快生了我身边也离不了人！我害怕万一提前发动了咋办？整个孕期婆婆没来
接,,2019年05月23日,1个回答,
接,,2019年05月22日,0个回答,
接,,2019年05月22日,4个回答,麻烦各位帮忙看看是男宝宝还是女宝宝
接,,2019年05月20日,1个回答,好孕！！嘿嘿
接,,2019年05月20日,2个回答,
接,,2019年05月19日,1个回答,
接,,2019年05月17日,2个回答,
接,,2019年05月17日,2个回答,
接,,2019年05月16日,2个回答,我家宝宝一出生就住院，已经12天了，昨天下午回来的，但是一直没有尿尿，请问是怎么回事？
接,,2019年05月16日,2个回答,
接,,2019年05月15日,169个回答,今天7号，怀孕43天了，做了彩超，结果都正常，胎心都有了
接,,2019年05月15日,7个回答,又快要去孩子了，小孩上幼儿园小班。想让她每次都对上幼儿园感兴趣，所以每次她，她奔出来扑到怀里的时候，不知道第一句话应该说啥才会加深她都上幼儿园的喜爱。各位宝妈们，你们第一句话说的都是啥？
接,,2019年05月14日,1个回答,帮忙看下男女
接,,2019年05月11日,0个回答,
接,,2019年05月11日,1个回答,
接,,2019年05月08日,3个回答,
接,,2019年05月05日,1个回答,
接,,2019年05月05日,2个回答,49天检查有胎心胎芽，医生说看着只有42.43天左右，没关系啦，宝宝一定会健康长大
接,,2019年05月05日,55个回答,同上
接,,2019年05月03日,1个回答,
接,,2019年03月29日,1个回答,
接,,2019年05月03日,2个回答,
接,,2019年05月01日,3个回答,今天宝贝已经第五天了👑👑👑一切都好(✪▽✪)30号早上剖腹产6.3斤小公主👸！
接,,2019年04月29日,1个回答,
接,,2019年04月29日,1个回答,昨晚上七点多宝宝从沙发上摔到地上摔到 脑勺，大哭了一分钟之后就吐了，着我就带他到医院做了CT无异常，但是今天晚上又吐了，该怎么办？
接,,2019年04月28日,2个回答,同上
接,,2019年04月28日,90个回答,宝宝比我们想象的都要强大，宝妈们都放心，给宝贝充足的信任，保持好心情，陪宝儿成长，一起加油💪
接,,2019年04月25日,1个回答,头孢吃了几天不吃了  家里有康复新液和葡萄糖酸锌口服液，还要吃别的药吗 蒲地蓝消炎口服液？还是口炎清?
接,,2019年04月25日,1个回答,这是前天刚做的四维彩超   请大家帮我看看男孩女孩👧
接,,2019年04月24日,1个回答,我今年42岁，大宝儿子15岁了，去年10月份怀孕，12月1日才确诊，然后下来的3个月状态很不好，走路都喘（孕前坚持长跑），尿频、便秘状况不好。可过了4个月后状态越来越好，虽然胖了30斤，但前几天26
接,,2019年04月24日,1个回答,
接,,2019年04月22日,1个回答,测试出来这样，上个月11号来m，今天测了
接,,2019年04月20日,451个回答,
接,接,2019年04月20日,54个回答,四川远嫁陕西16年2月结婚，老公是我自己选的，有了孩子之后矛盾越来越多，经常吵架，打架 说离婚 前晚吵架我直打电话给爸妈 妈包车来我回家，让离婚。怎么办才好
接,,2019年04月15日,115个回答,
接,,2019年04月14日,4个回答,宝妈们 好孕，猪宝宝来了🐷
接,,2019年04月13日,1个回答,
接,,2019年04月13日,2个回答,
接,,2019年04月12日,0个回答,
接,,2019年04月12日,1个回答,
接,,2019年04月12日,1个回答,
接,,2019年04月10日,1个回答,
接,,2019年04月10日,1个回答,半夜胸闷对胎儿有影响吗？我现在老胸闷正常吗？
接,,2019年04月09日,1个回答,
接,,2019年04月09日,1个回答,
接,,2019年04月09日,115个回答,
接,,2019年04月09日,91个回答,
接,,2019年04月06日,2个回答,
接,,2019年04月05日,1个回答,都说怀孕可以传染，希望更多的宝妈到好孕，希望我跟宝宝健康，月经推迟八天，今天早上早早孕显示两个杠，虽然是弱弱阳，心里还是很高兴，天冷不小心感冒了，我测出来怀孕这个情况能不能用感冒药，希望宝妈可以多给
接,,2019年04月03日,2个回答,孕40周，从昨天晚上八点到十一点多肚子一直再痛，间隔七八分钟十几分钟，睡醒了着痛，时间最长间隔二十分钟，一次疼一到两分钟，是宫缩吗，宝宝快出生了吗
接,,2019年04月03日,1个回答,2019孕39周一，希望宝宝待到足月就出来吧，顺产，顺顺利利，平平安安
接,,2019年04月02日,1个回答,
接,,2019年04月02日,1个回答,
接,,2019年03月30日,36个回答,
接,,2019年03月29日,1个回答,宝妈们有个建议
接,,2019年03月28日,16个回答,我查了一下百度  不知道是不是真的   但还是不敢信   有没有宝妈做过啊    做过请介绍一下
接,,2019年03月28日,2个回答,
接,,2019年03月27日,36个回答,哈哈，宝宝真听话真乖。四维彩超今天一次就过了，还不到10分钟。
接,,2019年03月26日,2个回答,怀孕30周了染了颜色的头发，对宝宝有影响吗？
接,,2019年03月26日,2个回答,之前一直担心没有胎心，特意60天再去B超，这回啥都有了，哈哈！就是不知道是佩琦还是乔治
接,,2019年03月20日,2个回答,
接,,2019年03月19日,0个回答,
接,,2019年03月18日,1个回答,
接,,2019年03月17日,36个回答,
接,,2019年03月17日,1个回答,
接,,2019年03月15日,1个回答,经期已推迟7天，感觉淡淡的，到底怀没怀？
接,,2019年03月13日,2个回答,3月6号，临晨1点半破水，大半夜赶去医院，到早上八点宫口开始开就进产房，9点46分顺产宝贝丫头一枚，7斤1两，无侧切
接,,2019年03月13日,30个回答,49天见胎芽胎心，谁谁中，还一直流有褐色分泌物，所以妈妈们不用过于担心，没事的
接,,2019年03月12日,1个回答,四维通过
接,,2019年03月12日,1个回答,
接,,2019年03月10日,2个回答,
接,,2019年03月08日,1个回答,
接,,2019年03月08日,3个回答,
接,,2019年03月06日,1个回答,
接,,2019年03月07日,1个回答,
接,,2019年03月06日,2个回答,"我结扎了十二年了还能做输卵管手术吗?这手术大概要多少钱,不做手术能不能做试管?"
接,,2019年03月05日,2个回答,
接,,2019年03月05日,2个回答,
接,,2019年03月03日,1个回答,
接,,2019年03月03日,3个回答,怎么办，它老是不吃东西
接,,2019年03月02日,0个回答,
接,,2019年03月01日,1个回答,做梦是什么问题，这样对自己跟宝宝都有有什么影响吗？
接,,2019年02月12日,2个回答,1.20测出有了，连续测了好几天都是双杠，从最开始的弱阳到强阳，我才相信我的猪宝宝来啦，本来想等8周在做检查，可是1.26晚，发现有点流血。量不多也稍稍放心，老公安慰我说没事，宝宝一定会平安出生，这才
接,,2019年01月06日,4个回答,四维彩超做完后，下来需要做些什么检查？
接,,2019年02月27日,1个回答,平时每天都有动的，前面每一次产检都是正常的，相信宝宝肯定是健健康康的！有经验的宝妈或医生分享一下
接,,2019年02月27日,0个回答,现在想要孩子，我的每个月经期都很正常，这个年龄还可以生孩子嘛？要到哪里去手术。
接,,2019年02月25日,31个回答,
接,,2019年02月21日,2个回答,宝宝29天，穿衣服拿他手，听见手有一声脆响声，着换纸尿裤，拿脚又有一声响，宝宝没有哭，是骨折吗？
接,,2019年02月02日,6个回答,怀孕六个多月的时候才知道孩子的爸爸已经结婚了，知道后我就离开了他，但是他一直在找我，我也不想破坏一段婚姻和家庭，当知道后我就跟他分开了，但是不知道现在我肚子里的宝宝该怎么办了。现在要过年了家也不敢回去
接,,2019年02月20日,3个回答,
接,,2019年02月19日,2个回答,羊水穿刺
接,,2019年02月16日,7个回答,
接,,2019年02月15日,2个回答,
接,,2019年02月14日,44个回答,
接,,2019年02月14日,45个回答,
接,,2019年02月14日,15个回答,
接,,2019年02月13日,2个回答,
接,,2019年02月13日,2个回答,大家讨论一下，有会看男女的吗？
接,,2019年02月13日,2个回答,
接,,2019年02月12日,2个回答,帮我看看这是男宝还是女宝？
接,,2019年02月12日,2个回答,
接,,2019年02月10日,10个回答,
接,,2019年02月08日,1个回答,刚出生六个天的小宝宝在小手的时候，阴道里面有白色的东西，还带点红色的血，这是什么情况？有没有新手的宝爸？宝妈遇见过的
接,,2019年02月05日,2个回答,
接,,2019年02月05日,2个回答,
接,,2019年01月31日,4个回答,
接,,2019年01月30日,1个回答,
接,,2019年01月29日,1个回答,
接,接,2019年01月28日,1个回答,
接,,2019年01月28日,1个回答,
接,,2018年09月25日,333个回答,就是不知道男女，有经验的宝妈给看看。
接,,2019年01月25日,0个回答,求宝宝快快出生，宝妈们有什么办法让宝宝快快出生
接,,2019年01月25日,2个回答,12-18 的月经，现在还不来，照B超未见怀孕了验血是怀孕了，医生说有可能宫外孕，😭😭
接,,2019年01月25日,2个回答,
接,接,2019年01月25日,1个回答,
接,,2019年01月21日,6个回答,老婆跟我家里人矛盾很深，憋着很多气，平时和儿子住在娘家，我在外地工作。12月初我回家几天，老婆也跟我回家了，老婆又和我家里人发生了争吵。老婆现在嫌我吵架时没帮她没有站在她那边，生我气，一直不我电话，
接,,2019年01月21日,1个回答,
接,,2018年05月16日,110个回答,
接,,2019年01月17日,3个回答,今天去医院检查怀孕四十多天，照的阴道镜还没有胎芽胎心，心里好着急，回来之后晚上洗澡内裤上有血，这是照的时候伤了还是怎么的？心里好郁闷啊
接,,2019年01月17日,1个回答,1月6号40来天未着床就生化了，想1月20来号再试试，要宝宝可以不？会不会有什么问题？
接,,2019年01月17日,6个回答,到了29天了，恶露还没干净，而且奶水严重不足，孩子哭的厉害，跟这当归有关系吗？
接,,2019年01月17日,0个回答,
接,,2019年01月16日,2个回答,11.24日25日我弟弟结婚，我不知道自己怀孕了因为我是10.24号来的月经，所以我不知道自己怀孕了，24号我弟弟还让我给他们的新床新屋装饰，25号我就去亲了，我6号检查发现自己怀孕了就是没有胎囊最
接,,2019年01月16日,2个回答,
接,,2019年01月15日,1个回答,
接,,2019年01月16日,1个回答,
接,,2018年09月20日,28个回答,
接,,2019年01月15日,2个回答,试管婴儿移植第十一天已经测出明显双杠，下来应该注意哪些东西呢
接,,2019年01月14日,2个回答,
接,,2019年01月13日,2个回答,我跟老公吵架，带孩子去陌生城市怎么找学校？
接,,2019年01月13日,6个回答,11.5号末次月经，今天去B超，已经有胚芽胎心了，传给各位宝妈……
接,,2019年01月13日,0个回答,好孕  黄体酮偏低 需要吃什么呢？
接,,2019年01月13日,4个回答,
接,,2019年01月13日,33个回答,8.24日下午超快刨腹产下健康女宝一枚七斤七两
接,,2019年01月12日,3个回答,
接,,2019年01月11日,1个回答,
接,,2019年01月11日,1个回答,
接,,2019年01月11日,1个回答,
接,,2019年01月10日,0个回答,宝宝四个半月已经开始长两颗牙了，现在都七个月了怎么没着长，还天天流好多口水
接,接,2019年01月09日,2个回答,
接,,2019年01月07日,2个回答,
接,,2019年01月07日,2个回答,求助！各位宝妈你们孕期都吃什么牌子的海苔呀？
接,,2019年01月06日,3个回答,
接,,2019年01月06日,20个回答,45天就检查出胎心胎芽了，谁谁中
接,,2019年01月06日,42个回答,孕6周5天了，直有孕囊长胎芽胎心了，八天前做的B超孕囊都还没有，担心了一个星期！原来月经如果推迟的话，着床会慢一点！各位宝妈不要太心急，胎芽胎心一定会长的，相信和自己有缘分的宝贝！
接,,2019年01月05日,49个回答,
接,,2019年01月05日,66个回答,6周+见胎芽胎心  来我好孕
接,,2019年01月05日,0个回答,
接,,2019年01月04日,7个回答,见红了😳
接,,2019年01月03日,1个回答,
接,,2019年01月02日,1个回答,
接,,2019年01月02日,3个回答,
接,,2019年01月01日,55个回答,
接,,2018年12月31日,34个回答,大宝是儿子，二宝是女孩，希望这个是女孩
接,,2018年12月30日,20个回答,孕17周+2今天去检查是女宝宝，我大宝是男孩，这是二胎，真的很开心😁😁
接,,2018年12月29日,2个回答,
接,,2018年12月29日,0个回答,宝宝白天不怎么咳嗽，主要是晚上咳嗽厉害
接,,2018年12月28日,2个回答,
接,,2018年12月28日,0个回答,
接,,2018年12月28日,1个回答,
接,,2018年12月27日,5个回答,
接,,2018年12月27日,1个回答,
接,,2018年12月26日,1个回答,
接,,2018年12月26日,41个回答,
接,,2018年12月24日,0个回答,
接,,2018年12月24日,32个回答,
接,,2018年12月24日,1个回答,
接,,2018年12月23日,66个回答,第一胎，昨天晚上十二点钟破水没宫缩，等到早上八点还是没有宫缩，吃了药3个小时后宫缩，下午4点顺利生产。
接,,2018年12月23日,0个回答,
接,,2018年12月23日,2个回答,
接,,2018年12月22日,0个回答,
接,,2018年12月22日,2个回答,三维顺利通过，但是宝宝偏小两周！有啥好办法长上去！
接,,2018年12月22日,49个回答,
接,,2018年12月22日,0个回答,末次月经11.18号来，姨妈已经延迟四天了，自己在家大卫试纸测了是白板，昨天去医院抽血检查也是没有怀孕，不知道还有没有希望？昨天特地还买了可丽蓝，想再过几天试试看！
接,,2018年12月21日,0个回答,
接,,2018年12月21日,0个回答,
接,,2018年12月20日,0个回答,
接,,2018年12月20日,27个回答,
接,,2018年12月20日,0个回答,
接,,2018年12月19日,44个回答,
接,,2018年12月18日,2个回答,
接,,2018年12月18日,0个回答,
接,,2018年12月18日,1个回答,
接,,2018年12月18日,15个回答,健康胎心胎芽及原始心血管搏动，谁谁中哦！😃😃😃
接,,2018年12月17日,2个回答,
接,,2018年12月17日,3个回答,
接,,2018年12月16日,3个回答,有胎心胎芽 很健康
接,,2018年12月11日,0个回答,孕4.5个月时，在家烧了5天，38°以上，39°一天，又住院输液11天，住院开始一周温度37.5°左右。输液100来袋药，头孢，清开灵，阿奇霉素，维C，葡萄糖等。现出院还是有咳嗽，比之前减轻很多，浑身
接,,2018年12月14日,0个回答,
接,,2018年12月14日,0个回答,宝宝两个多月哭的时候脸色变成紫色的还不气，
接,,2018年12月14日,1个回答,求助！各位宝妈们！你们怀孕都吃什么牌子的海苔呀？谁谁中！❤️
接,,2018年12月14日,1个回答,
接,,2018年12月12日,0个回答,
接,,2018年12月13日,0个回答,体温计打碎了，还捡起来没洗手打碎抱宝宝，会不会中毒？
接,,2018年12月12日,0个回答,"云霾堆积，黑暗渐深。呵，爱，你为什么让我独在门外等候？  
　　这就像结束工作的时间已到，我感觉到在空气中有你光降的微馨。  
72 

　　我天天地在守望着你；为你，我忍受着生命中的苦乐。"
接,,2018年12月11日,3个回答,
接,,2018年12月11日,2个回答,
接,接,2018年12月10日,1个回答,
接,接,2018年12月10日,0个回答,
接,,2018年12月10日,2个回答,
接,,2018年12月10日,3个回答,
接,,2018年12月09日,3个回答,
接,,2018年12月08日,7个回答,
接,,2018年12月08日,1个回答,
接,,2018年12月08日,3个回答,每天都在健康男宝，挺灵的，如愿男孩。怀孕后好奇男女朋友告诉可以提前用这个性别测血卡可以知男女宝宝，侧得是个男宝宝好开心。因为是二胎我也儿女双全凑了个好。现在B超检查健康男孩一枚、测血卡很准，传好孕男
接,,2018年12月07日,7个回答,今天做了四维，一次性通过，虽然调皮了一下，做了一半让走了二十分钟继续做，害得妈妈担心的要死，每回去检查都是提心吊胆的，所以，你要乖乖的呆在妈妈的肚子里，健健康康的出生，🌟欢迎你，我的小可爱，
接,,2018年12月07日,3个回答,
接,,2018年12月07日,0个回答,
接,,2018年12月06日,1个回答,唐氏筛查21综合体是临界风险，着做了无创dna还是临界风险，医院说免费抽血再做次无创DNA，这是不是说这小孩是唐氏儿
接,,2018年12月05日,44个回答,末次月经12-19号，今天7+6天去照B超，B超显示是8+3天啦有胎心胎芽了，谁谁中哟
接,,2018年12月05日,2个回答,
接,,2018年12月05日,2个回答,
接,,2018年12月05日,1个回答,
接,,2018年12月05日,1个回答,
接,,2018年12月04日,9个回答,
接,,2018年12月03日,3个回答,我和她同行，不一单位，但在一条街很近，介绍人是我同事，介绍人和她是朋友，我该怎么办，她这是？？？谢谢亲们帮帮我，我喜欢她，我这人比较钝，不善言语表达
接,,2018年12月03日,3个回答,
接,,2018年12月01日,0个回答,每天给他揉腹部，做被动操，吃的益生菌，还是不拉。三天，四天，五天每天放屁特臭。需要看医生吗？
接,,2018年11月30日,0个回答,
接,,2018年11月30日,1个回答,
接,,2018年11月30日,1个回答,
接,,2018年11月29日,0个回答,
接,,2018年11月29日,0个回答,
接,,2018年11月29日,0个回答,
接,,2018年11月28日,6个回答,宝宝三十一多月，公公婆婆要把孩子那屋睡，说说怕我月数大了踢到我，到时候做月子的时候要照顾两个怕累着，可是我舍不的孩子怎么办？这二胎要还是不要呢？
接,接,2018年11月28日,2个回答,刚给回电说十分钟到家，还挂我电话。还问我到底想怎样？我都快他妈郁闷死了！想发朋友圈发发牢骚，又怕被说没事儿发这个干嘛，让别人笑话吗！求其他姐妹帮我分析一下。
接,,2018年11月27日,1个回答,
接,,2018年11月26日,3个回答,
接,接,2018年11月26日,1个回答,
接,,2018年11月25日,0个回答,
接,,2018年11月24日,1个回答,
接,,2018年11月24日,26个回答,今天做四维，问大夫性别，大夫没理我，我并没重男轻女的意思。在此晒宝宝四维照片，看看没有会看的，评论一下。我的胎动都是在肚子中间，一鼓一鼓的。
接,,2018年11月23日,3个回答,
接,,2018年11月23日,0个回答,
接,,2018年11月22日,1个回答,
接,,2018年11月21日,0个回答,
接,,2018年11月21日,1个回答,
接,,2018年11月21日,2个回答,
接,,2018年11月21日,3个回答,
接,接,2018年11月20日,1个回答,
接,,2018年11月20日,1个回答,打了四天黄体酮，停药九天还未来月经，可以着去打几天黄体酮让月经来嘛？因为我要做试管移植冻胚
接,,2018年11月19日,1个回答,明天月经日，今天试纸这样红！
接,,2018年11月18日,1个回答,
接,,2018年11月18日,0个回答,
接,,2018年11月17日,6个回答,
接,,2018年11月17日,0个回答,尿糖阳性，血糖正常
接,,2018年11月17日,0个回答,
接,,2018年11月17日,0个回答,
接,,2018年11月16日,2个回答,
接,,2018年11月15日,1个回答,
接,,2018年11月15日,2个回答,
接,,2018年11月15日,1个回答,
接,,2018年11月15日,0个回答,